[
{
    "fields": {
        "expire_date": "2017-05-06T17:46:20.758Z",
        "session_data": "ZGE0NjcyM2YyM2QyM2QwZGZkNjhiNzlkZDA1NzgxZjZkODQyYjNkYzp7Il9hdXRoX3VzZXJfaGFzaCI6IjAxNmU0OTA0YTU3ZmZkN2I3NTcxM2Q4YThiMzQyYjkwY2QzYTMwZWMiLCJfYXV0aF91c2VyX2JhY2tlbmQiOiJhY2NvdW50cy5iYWNrZW5kcy5FbWFpbEF1dGgiLCJfYXV0aF91c2VyX2lkIjoiMSJ9"
    },
    "model": "sessions.session",
    "pk": "z5rp6sgog2ctkf7rm1db2k5ngbyjsufi"
},
{
    "fields": {
        "domain": "example.com",
        "name": "example.com"
    },
    "model": "sites.site",
    "pk": 2
},
{
    "fields": {
        "domain": "localhost",
        "name": "localhost"
    },
    "model": "sites.site",
    "pk": 3
},
{
    "fields": {
        "registration_required": false,
        "title": "How to make a flat page",
        "url": "/pages/flat/",
        "template_name": "",
        "sites": [
            2,
            3
        ],
        "content": "If you are an administrator you can create a Fate Page easily by going to the admin page and then selecting add under the Flat Pages heading fill out the form.\r\n\r\noriginally there were separate flat pages for the contact and about pages but there were combined into one.",
        "enable_comments": false
    },
    "model": "flatpages.flatpage",
    "pk": 1
},
{
    "fields": {
        "created_at": "2017-04-22T16:08:08.433Z",
        "last_name": "Greene",
        "shipping_method": "",
        "query": "txn_type=subscr_signup&subscr_id=I-HCCJ0A6X7GXU&last_name=Greene&residence_country=US&mc_currency=USD&item_name=Wired&business=brendanjgreene-merchant2%40gmail.com&amount3=29.99&recurring=1&verify_sign=APAdZbZyXtS7.LdpjJ2tdUqVP6liAain8QZ-RIVurZPSdyA2k9lIfxr0&payer_status=verified&test_ipn=1&payer_email=brendanjgreene-buyer333%40gmail.com&first_name=Brendan&receiver_email=brendanjgreene-merchant2%40gmail.com&payer_id=S9M8WWW5Q76LL&invoice=f164719a-227e-46ea-96a1-fa0c88aebaa4&reattempt=1&subscr_date=09%3A07%3A43+Apr+22%2C+2017+PDT&custom=1-1&charset=windows-1252&notify_version=3.8&period3=1+M&mc_amount3=29.99&ipn_track_id=c6541dd7c4a8e",
        "outstanding_balance": null,
        "subscr_id": "I-HCCJ0A6X7GXU",
        "auction_multi_item": null,
        "item_name": "Wired",
        "case_id": "",
        "mp_id": "",
        "address_name": "",
        "transaction_entity": "",
        "from_view": "",
        "auction_closing_date": null,
        "password": "",
        "auction_buyer_id": "",
        "address_country_code": "",
        "address_city": "",
        "address_status": "",
        "auth_exp": "",
        "payer_email": "brendanjgreene-buyer333@gmail.com",
        "mc_gross": null,
        "reattempt": "1",
        "reason_code": "",
        "remaining_settle": null,
        "invoice": "f164719a-227e-46ea-96a1-fa0c88aebaa4",
        "address_state": "",
        "num_cart_items": null,
        "address_country": "",
        "payer_business_name": "",
        "first_name": "Brendan",
        "mc_shipping": null,
        "flag_info": "",
        "for_auction": null,
        "profile_status": "",
        "item_number": "",
        "business": "brendanjgreene-merchant2@gmail.com",
        "settle_currency": "",
        "shipping": null,
        "amount": null,
        "currency_code": "",
        "txn_id": "",
        "payment_status": "",
        "payment_gross": null,
        "retry_at": null,
        "exchange_rate": null,
        "residence_country": "US",
        "payer_status": "verified",
        "address_street": "",
        "initial_payment_amount": null,
        "auth_amount": null,
        "custom": "1-1",
        "notify_version": "3.80",
        "period_type": "",
        "settle_amount": null,
        "recurring": "1",
        "pending_reason": "",
        "username": "",
        "option_selection1": "",
        "option_selection2": "",
        "memo": "",
        "payer_id": "S9M8WWW5Q76LL",
        "flag": false,
        "mc_handling": null,
        "address_zip": "",
        "mc_fee": null,
        "payment_type": "",
        "amount1": null,
        "recurring_payment_id": "",
        "protection_eligibility": "",
        "receiver_email": "brendanjgreene-merchant2@gmail.com",
        "tax": null,
        "updated_at": "2017-04-22T16:08:08.457Z",
        "time_created": null,
        "mc_currency": "USD",
        "option_name1": "",
        "subscr_date": "2017-04-22T16:07:43Z",
        "option_name2": "",
        "txn_type": "subscr_signup",
        "recur_times": null,
        "auth_status": "",
        "auth_id": "",
        "rp_invoice_id": "",
        "payment_cycle": "",
        "subscr_effective": null,
        "charset": "windows-1252",
        "parent_txn_id": "",
        "handling_amount": null,
        "transaction_subject": "",
        "contact_phone": "",
        "product_name": "",
        "test_ipn": true,
        "receiver_id": "",
        "payment_date": null,
        "amount_per_cycle": null,
        "period2": "",
        "period3": "1 M",
        "period1": "",
        "verify_sign": "APAdZbZyXtS7.LdpjJ2tdUqVP6liAain8QZ-RIVurZPSdyA2k9lIfxr0",
        "flag_code": "",
        "ipaddress": "127.0.0.1",
        "response": "VERIFIED",
        "product_type": "",
        "receipt_id": "",
        "amount3": "29.99",
        "amount2": null,
        "next_payment_date": null,
        "mc_amount3": "29.99",
        "mc_amount2": null,
        "mc_amount1": null,
        "case_creation_date": null,
        "case_type": "",
        "quantity": null
    },
    "model": "ipn.paypalipn",
    "pk": 1
},
{
    "fields": {
        "created_at": "2017-04-22T16:08:08.444Z",
        "last_name": "Greene",
        "shipping_method": "",
        "query": "transaction_subject=Wired&payment_date=09%3A07%3A46+Apr+22%2C+2017+PDT&txn_type=subscr_payment&subscr_id=I-HCCJ0A6X7GXU&last_name=Greene&residence_country=US&item_name=Wired&payment_gross=29.99&mc_currency=USD&business=brendanjgreene-merchant2%40gmail.com&payment_type=instant&protection_eligibility=Ineligible&verify_sign=AUkau1FwogE3kL3qo1vGTARqlijQASbgvCMam4U4Xwh.utPHrJcKURiK&payer_status=verified&test_ipn=1&payer_email=brendanjgreene-buyer333%40gmail.com&txn_id=77290470HN354851E&receiver_email=brendanjgreene-merchant2%40gmail.com&first_name=Brendan&invoice=f164719a-227e-46ea-96a1-fa0c88aebaa4&payer_id=S9M8WWW5Q76LL&receiver_id=LTYY3UVDYPC2Y&payment_status=Completed&payment_fee=1.17&mc_fee=1.17&mc_gross=29.99&custom=1-1&charset=windows-1252&notify_version=3.8&ipn_track_id=c6541dd7c4a8e",
        "outstanding_balance": null,
        "subscr_id": "I-HCCJ0A6X7GXU",
        "auction_multi_item": null,
        "item_name": "Wired",
        "case_id": "",
        "mp_id": "",
        "address_name": "",
        "transaction_entity": "",
        "from_view": "",
        "auction_closing_date": null,
        "password": "",
        "auction_buyer_id": "",
        "address_country_code": "",
        "address_city": "",
        "address_status": "",
        "auth_exp": "",
        "payer_email": "brendanjgreene-buyer333@gmail.com",
        "mc_gross": "29.99",
        "reattempt": "",
        "reason_code": "",
        "remaining_settle": null,
        "invoice": "f164719a-227e-46ea-96a1-fa0c88aebaa4",
        "address_state": "",
        "num_cart_items": null,
        "address_country": "",
        "payer_business_name": "",
        "first_name": "Brendan",
        "mc_shipping": null,
        "flag_info": "",
        "for_auction": null,
        "profile_status": "",
        "item_number": "",
        "business": "brendanjgreene-merchant2@gmail.com",
        "settle_currency": "",
        "shipping": null,
        "amount": null,
        "currency_code": "",
        "txn_id": "77290470HN354851E",
        "payment_status": "Completed",
        "payment_gross": "29.99",
        "retry_at": null,
        "exchange_rate": null,
        "residence_country": "US",
        "payer_status": "verified",
        "address_street": "",
        "initial_payment_amount": null,
        "auth_amount": null,
        "custom": "1-1",
        "notify_version": "3.80",
        "period_type": "",
        "settle_amount": null,
        "recurring": "",
        "pending_reason": "",
        "username": "",
        "option_selection1": "",
        "option_selection2": "",
        "memo": "",
        "payer_id": "S9M8WWW5Q76LL",
        "flag": false,
        "mc_handling": null,
        "address_zip": "",
        "mc_fee": "1.17",
        "payment_type": "instant",
        "amount1": null,
        "recurring_payment_id": "",
        "protection_eligibility": "Ineligible",
        "receiver_email": "brendanjgreene-merchant2@gmail.com",
        "tax": null,
        "updated_at": "2017-04-22T16:08:08.471Z",
        "time_created": null,
        "mc_currency": "USD",
        "option_name1": "",
        "subscr_date": null,
        "option_name2": "",
        "txn_type": "subscr_payment",
        "recur_times": null,
        "auth_status": "",
        "auth_id": "",
        "rp_invoice_id": "",
        "payment_cycle": "",
        "subscr_effective": null,
        "charset": "windows-1252",
        "parent_txn_id": "",
        "handling_amount": null,
        "transaction_subject": "Wired",
        "contact_phone": "",
        "product_name": "",
        "test_ipn": true,
        "receiver_id": "LTYY3UVDYPC2Y",
        "payment_date": "2017-04-22T16:07:46Z",
        "amount_per_cycle": null,
        "period2": "",
        "period3": "",
        "period1": "",
        "verify_sign": "AUkau1FwogE3kL3qo1vGTARqlijQASbgvCMam4U4Xwh.utPHrJcKURiK",
        "flag_code": "",
        "ipaddress": "127.0.0.1",
        "response": "VERIFIED",
        "product_type": "",
        "receipt_id": "",
        "amount3": null,
        "amount2": null,
        "next_payment_date": null,
        "mc_amount3": null,
        "mc_amount2": null,
        "mc_amount1": null,
        "case_creation_date": null,
        "case_type": "",
        "quantity": null
    },
    "model": "ipn.paypalipn",
    "pk": 2
},
{
    "fields": {
        "created_at": "2017-04-22T16:12:09.360Z",
        "last_name": "Greene",
        "shipping_method": "",
        "query": "txn_type=subscr_signup&subscr_id=I-VS75HUGCBSY8&last_name=Greene&residence_country=US&mc_currency=USD&item_name=How+to+Lose+Friends+%26+Alienate+People&business=brendanjgreene-merchant2%40gmail.com&amount3=14.67&recurring=1&verify_sign=ANeLKb1.8cEvTT.k8WGL9jBiVtLbAdOll9QP.lweAF8Qu7rf64XDRERo&payer_status=verified&test_ipn=1&payer_email=brendanjgreene-buyer333%40gmail.com&first_name=Brendan&receiver_email=brendanjgreene-merchant2%40gmail.com&payer_id=S9M8WWW5Q76LL&invoice=7a42f0e5-7905-40ba-9179-b0d0691a909f&reattempt=1&subscr_date=09%3A10%3A59+Apr+22%2C+2017+PDT&custom=3-1&charset=windows-1252&notify_version=3.8&period3=1+M&mc_amount3=14.67&ipn_track_id=bc82432d5fa5",
        "outstanding_balance": null,
        "subscr_id": "I-VS75HUGCBSY8",
        "auction_multi_item": null,
        "item_name": "How to Lose Friends & Alienate People",
        "case_id": "",
        "mp_id": "",
        "address_name": "",
        "transaction_entity": "",
        "from_view": "",
        "auction_closing_date": null,
        "password": "",
        "auction_buyer_id": "",
        "address_country_code": "",
        "address_city": "",
        "address_status": "",
        "auth_exp": "",
        "payer_email": "brendanjgreene-buyer333@gmail.com",
        "mc_gross": null,
        "reattempt": "1",
        "reason_code": "",
        "remaining_settle": null,
        "invoice": "7a42f0e5-7905-40ba-9179-b0d0691a909f",
        "address_state": "",
        "num_cart_items": null,
        "address_country": "",
        "payer_business_name": "",
        "first_name": "Brendan",
        "mc_shipping": null,
        "flag_info": "",
        "for_auction": null,
        "profile_status": "",
        "item_number": "",
        "business": "brendanjgreene-merchant2@gmail.com",
        "settle_currency": "",
        "shipping": null,
        "amount": null,
        "currency_code": "",
        "txn_id": "",
        "payment_status": "",
        "payment_gross": null,
        "retry_at": null,
        "exchange_rate": null,
        "residence_country": "US",
        "payer_status": "verified",
        "address_street": "",
        "initial_payment_amount": null,
        "auth_amount": null,
        "custom": "3-1",
        "notify_version": "3.80",
        "period_type": "",
        "settle_amount": null,
        "recurring": "1",
        "pending_reason": "",
        "username": "",
        "option_selection1": "",
        "option_selection2": "",
        "memo": "",
        "payer_id": "S9M8WWW5Q76LL",
        "flag": false,
        "mc_handling": null,
        "address_zip": "",
        "mc_fee": null,
        "payment_type": "",
        "amount1": null,
        "recurring_payment_id": "",
        "protection_eligibility": "",
        "receiver_email": "brendanjgreene-merchant2@gmail.com",
        "tax": null,
        "updated_at": "2017-04-22T16:12:09.384Z",
        "time_created": null,
        "mc_currency": "USD",
        "option_name1": "",
        "subscr_date": "2017-04-22T16:10:59Z",
        "option_name2": "",
        "txn_type": "subscr_signup",
        "recur_times": null,
        "auth_status": "",
        "auth_id": "",
        "rp_invoice_id": "",
        "payment_cycle": "",
        "subscr_effective": null,
        "charset": "windows-1252",
        "parent_txn_id": "",
        "handling_amount": null,
        "transaction_subject": "",
        "contact_phone": "",
        "product_name": "",
        "test_ipn": true,
        "receiver_id": "",
        "payment_date": null,
        "amount_per_cycle": null,
        "period2": "",
        "period3": "1 M",
        "period1": "",
        "verify_sign": "ANeLKb1.8cEvTT.k8WGL9jBiVtLbAdOll9QP.lweAF8Qu7rf64XDRERo",
        "flag_code": "",
        "ipaddress": "127.0.0.1",
        "response": "VERIFIED",
        "product_type": "",
        "receipt_id": "",
        "amount3": "14.67",
        "amount2": null,
        "next_payment_date": null,
        "mc_amount3": "14.67",
        "mc_amount2": null,
        "mc_amount1": null,
        "case_creation_date": null,
        "case_type": "",
        "quantity": null
    },
    "model": "ipn.paypalipn",
    "pk": 3
},
{
    "fields": {
        "created_at": "2017-04-22T16:12:09.374Z",
        "last_name": "Greene",
        "shipping_method": "",
        "query": "transaction_subject=How+to+Lose+Friends+%26+Alienate+People&payment_date=09%3A11%3A02+Apr+22%2C+2017+PDT&txn_type=subscr_payment&subscr_id=I-VS75HUGCBSY8&last_name=Greene&residence_country=US&item_name=How+to+Lose+Friends+%26+Alienate+People&payment_gross=14.67&mc_currency=USD&business=brendanjgreene-merchant2%40gmail.com&payment_type=instant&protection_eligibility=Ineligible&verify_sign=AE.pCRu8dAgEChKtiAO8IAX666.2APRJPx--H4tYRxDtg0XRXyNlptNa&payer_status=verified&test_ipn=1&payer_email=brendanjgreene-buyer333%40gmail.com&txn_id=9AB45984V0431911T&receiver_email=brendanjgreene-merchant2%40gmail.com&first_name=Brendan&invoice=7a42f0e5-7905-40ba-9179-b0d0691a909f&payer_id=S9M8WWW5Q76LL&receiver_id=LTYY3UVDYPC2Y&payment_status=Completed&payment_fee=0.73&mc_fee=0.73&mc_gross=14.67&custom=3-1&charset=windows-1252&notify_version=3.8&ipn_track_id=bc82432d5fa5",
        "outstanding_balance": null,
        "subscr_id": "I-VS75HUGCBSY8",
        "auction_multi_item": null,
        "item_name": "How to Lose Friends & Alienate People",
        "case_id": "",
        "mp_id": "",
        "address_name": "",
        "transaction_entity": "",
        "from_view": "",
        "auction_closing_date": null,
        "password": "",
        "auction_buyer_id": "",
        "address_country_code": "",
        "address_city": "",
        "address_status": "",
        "auth_exp": "",
        "payer_email": "brendanjgreene-buyer333@gmail.com",
        "mc_gross": "14.67",
        "reattempt": "",
        "reason_code": "",
        "remaining_settle": null,
        "invoice": "7a42f0e5-7905-40ba-9179-b0d0691a909f",
        "address_state": "",
        "num_cart_items": null,
        "address_country": "",
        "payer_business_name": "",
        "first_name": "Brendan",
        "mc_shipping": null,
        "flag_info": "",
        "for_auction": null,
        "profile_status": "",
        "item_number": "",
        "business": "brendanjgreene-merchant2@gmail.com",
        "settle_currency": "",
        "shipping": null,
        "amount": null,
        "currency_code": "",
        "txn_id": "9AB45984V0431911T",
        "payment_status": "Completed",
        "payment_gross": "14.67",
        "retry_at": null,
        "exchange_rate": null,
        "residence_country": "US",
        "payer_status": "verified",
        "address_street": "",
        "initial_payment_amount": null,
        "auth_amount": null,
        "custom": "3-1",
        "notify_version": "3.80",
        "period_type": "",
        "settle_amount": null,
        "recurring": "",
        "pending_reason": "",
        "username": "",
        "option_selection1": "",
        "option_selection2": "",
        "memo": "",
        "payer_id": "S9M8WWW5Q76LL",
        "flag": false,
        "mc_handling": null,
        "address_zip": "",
        "mc_fee": "0.73",
        "payment_type": "instant",
        "amount1": null,
        "recurring_payment_id": "",
        "protection_eligibility": "Ineligible",
        "receiver_email": "brendanjgreene-merchant2@gmail.com",
        "tax": null,
        "updated_at": "2017-04-22T16:12:09.401Z",
        "time_created": null,
        "mc_currency": "USD",
        "option_name1": "",
        "subscr_date": null,
        "option_name2": "",
        "txn_type": "subscr_payment",
        "recur_times": null,
        "auth_status": "",
        "auth_id": "",
        "rp_invoice_id": "",
        "payment_cycle": "",
        "subscr_effective": null,
        "charset": "windows-1252",
        "parent_txn_id": "",
        "handling_amount": null,
        "transaction_subject": "How to Lose Friends & Alienate People",
        "contact_phone": "",
        "product_name": "",
        "test_ipn": true,
        "receiver_id": "LTYY3UVDYPC2Y",
        "payment_date": "2017-04-22T16:11:02Z",
        "amount_per_cycle": null,
        "period2": "",
        "period3": "",
        "period1": "",
        "verify_sign": "AE.pCRu8dAgEChKtiAO8IAX666.2APRJPx--H4tYRxDtg0XRXyNlptNa",
        "flag_code": "",
        "ipaddress": "127.0.0.1",
        "response": "VERIFIED",
        "product_type": "",
        "receipt_id": "",
        "amount3": null,
        "amount2": null,
        "next_payment_date": null,
        "mc_amount3": null,
        "mc_amount2": null,
        "mc_amount1": null,
        "case_creation_date": null,
        "case_type": "",
        "quantity": null
    },
    "model": "ipn.paypalipn",
    "pk": 4
},
{
    "fields": {
        "created_at": "2017-04-22T16:14:10.295Z",
        "last_name": "Greene",
        "shipping_method": "",
        "query": "txn_type=subscr_signup&subscr_id=I-AS5N13TSW8SE&last_name=Greene&residence_country=US&mc_currency=USD&item_name=How+to+Lose+Friends+%26+Alienate+People&business=brendanjgreene-merchant2%40gmail.com&amount3=14.67&recurring=1&verify_sign=AUkau1FwogE3kL3qo1vGTARqlijQAzGM1zUyXd8to89LbplWPDxk-aiP&payer_status=verified&test_ipn=1&payer_email=brendanjgreene-buyer333%40gmail.com&first_name=Brendan&receiver_email=brendanjgreene-merchant2%40gmail.com&payer_id=S9M8WWW5Q76LL&invoice=e85df794-cdfc-4f6a-ab57-f5b712afb018&reattempt=1&subscr_date=09%3A13%3A40+Apr+22%2C+2017+PDT&custom=3-1&charset=windows-1252&notify_version=3.8&period3=1+M&mc_amount3=14.67&ipn_track_id=144a3993d0c0",
        "outstanding_balance": null,
        "subscr_id": "I-AS5N13TSW8SE",
        "auction_multi_item": null,
        "item_name": "How to Lose Friends & Alienate People",
        "case_id": "",
        "mp_id": "",
        "address_name": "",
        "transaction_entity": "",
        "from_view": "",
        "auction_closing_date": null,
        "password": "",
        "auction_buyer_id": "",
        "address_country_code": "",
        "address_city": "",
        "address_status": "",
        "auth_exp": "",
        "payer_email": "brendanjgreene-buyer333@gmail.com",
        "mc_gross": null,
        "reattempt": "1",
        "reason_code": "",
        "remaining_settle": null,
        "invoice": "e85df794-cdfc-4f6a-ab57-f5b712afb018",
        "address_state": "",
        "num_cart_items": null,
        "address_country": "",
        "payer_business_name": "",
        "first_name": "Brendan",
        "mc_shipping": null,
        "flag_info": "",
        "for_auction": null,
        "profile_status": "",
        "item_number": "",
        "business": "brendanjgreene-merchant2@gmail.com",
        "settle_currency": "",
        "shipping": null,
        "amount": null,
        "currency_code": "",
        "txn_id": "",
        "payment_status": "",
        "payment_gross": null,
        "retry_at": null,
        "exchange_rate": null,
        "residence_country": "US",
        "payer_status": "verified",
        "address_street": "",
        "initial_payment_amount": null,
        "auth_amount": null,
        "custom": "3-1",
        "notify_version": "3.80",
        "period_type": "",
        "settle_amount": null,
        "recurring": "1",
        "pending_reason": "",
        "username": "",
        "option_selection1": "",
        "option_selection2": "",
        "memo": "",
        "payer_id": "S9M8WWW5Q76LL",
        "flag": false,
        "mc_handling": null,
        "address_zip": "",
        "mc_fee": null,
        "payment_type": "",
        "amount1": null,
        "recurring_payment_id": "",
        "protection_eligibility": "",
        "receiver_email": "brendanjgreene-merchant2@gmail.com",
        "tax": null,
        "updated_at": "2017-04-22T16:14:10.327Z",
        "time_created": null,
        "mc_currency": "USD",
        "option_name1": "",
        "subscr_date": "2017-04-22T16:13:40Z",
        "option_name2": "",
        "txn_type": "subscr_signup",
        "recur_times": null,
        "auth_status": "",
        "auth_id": "",
        "rp_invoice_id": "",
        "payment_cycle": "",
        "subscr_effective": null,
        "charset": "windows-1252",
        "parent_txn_id": "",
        "handling_amount": null,
        "transaction_subject": "",
        "contact_phone": "",
        "product_name": "",
        "test_ipn": true,
        "receiver_id": "",
        "payment_date": null,
        "amount_per_cycle": null,
        "period2": "",
        "period3": "1 M",
        "period1": "",
        "verify_sign": "AUkau1FwogE3kL3qo1vGTARqlijQAzGM1zUyXd8to89LbplWPDxk-aiP",
        "flag_code": "",
        "ipaddress": "127.0.0.1",
        "response": "VERIFIED",
        "product_type": "",
        "receipt_id": "",
        "amount3": "14.67",
        "amount2": null,
        "next_payment_date": null,
        "mc_amount3": "14.67",
        "mc_amount2": null,
        "mc_amount1": null,
        "case_creation_date": null,
        "case_type": "",
        "quantity": null
    },
    "model": "ipn.paypalipn",
    "pk": 5
},
{
    "fields": {
        "created_at": "2017-04-22T16:14:10.312Z",
        "last_name": "Greene",
        "shipping_method": "",
        "query": "transaction_subject=How+to+Lose+Friends+%26+Alienate+People&payment_date=09%3A13%3A43+Apr+22%2C+2017+PDT&txn_type=subscr_payment&subscr_id=I-AS5N13TSW8SE&last_name=Greene&residence_country=US&item_name=How+to+Lose+Friends+%26+Alienate+People&payment_gross=14.67&mc_currency=USD&business=brendanjgreene-merchant2%40gmail.com&payment_type=instant&protection_eligibility=Ineligible&verify_sign=AGfycmzgRtnyugQa24.B6fYhgGPVArnMMvK6BOZcFj1TlG.vnIzd0TMf&payer_status=verified&test_ipn=1&payer_email=brendanjgreene-buyer333%40gmail.com&txn_id=1TG989768F776451R&receiver_email=brendanjgreene-merchant2%40gmail.com&first_name=Brendan&invoice=e85df794-cdfc-4f6a-ab57-f5b712afb018&payer_id=S9M8WWW5Q76LL&receiver_id=LTYY3UVDYPC2Y&payment_status=Completed&payment_fee=0.73&mc_fee=0.73&mc_gross=14.67&custom=3-1&charset=windows-1252&notify_version=3.8&ipn_track_id=144a3993d0c0",
        "outstanding_balance": null,
        "subscr_id": "I-AS5N13TSW8SE",
        "auction_multi_item": null,
        "item_name": "How to Lose Friends & Alienate People",
        "case_id": "",
        "mp_id": "",
        "address_name": "",
        "transaction_entity": "",
        "from_view": "",
        "auction_closing_date": null,
        "password": "",
        "auction_buyer_id": "",
        "address_country_code": "",
        "address_city": "",
        "address_status": "",
        "auth_exp": "",
        "payer_email": "brendanjgreene-buyer333@gmail.com",
        "mc_gross": "14.67",
        "reattempt": "",
        "reason_code": "",
        "remaining_settle": null,
        "invoice": "e85df794-cdfc-4f6a-ab57-f5b712afb018",
        "address_state": "",
        "num_cart_items": null,
        "address_country": "",
        "payer_business_name": "",
        "first_name": "Brendan",
        "mc_shipping": null,
        "flag_info": "",
        "for_auction": null,
        "profile_status": "",
        "item_number": "",
        "business": "brendanjgreene-merchant2@gmail.com",
        "settle_currency": "",
        "shipping": null,
        "amount": null,
        "currency_code": "",
        "txn_id": "1TG989768F776451R",
        "payment_status": "Completed",
        "payment_gross": "14.67",
        "retry_at": null,
        "exchange_rate": null,
        "residence_country": "US",
        "payer_status": "verified",
        "address_street": "",
        "initial_payment_amount": null,
        "auth_amount": null,
        "custom": "3-1",
        "notify_version": "3.80",
        "period_type": "",
        "settle_amount": null,
        "recurring": "",
        "pending_reason": "",
        "username": "",
        "option_selection1": "",
        "option_selection2": "",
        "memo": "",
        "payer_id": "S9M8WWW5Q76LL",
        "flag": false,
        "mc_handling": null,
        "address_zip": "",
        "mc_fee": "0.73",
        "payment_type": "instant",
        "amount1": null,
        "recurring_payment_id": "",
        "protection_eligibility": "Ineligible",
        "receiver_email": "brendanjgreene-merchant2@gmail.com",
        "tax": null,
        "updated_at": "2017-04-22T16:14:10.341Z",
        "time_created": null,
        "mc_currency": "USD",
        "option_name1": "",
        "subscr_date": null,
        "option_name2": "",
        "txn_type": "subscr_payment",
        "recur_times": null,
        "auth_status": "",
        "auth_id": "",
        "rp_invoice_id": "",
        "payment_cycle": "",
        "subscr_effective": null,
        "charset": "windows-1252",
        "parent_txn_id": "",
        "handling_amount": null,
        "transaction_subject": "How to Lose Friends & Alienate People",
        "contact_phone": "",
        "product_name": "",
        "test_ipn": true,
        "receiver_id": "LTYY3UVDYPC2Y",
        "payment_date": "2017-04-22T16:13:43Z",
        "amount_per_cycle": null,
        "period2": "",
        "period3": "",
        "period1": "",
        "verify_sign": "AGfycmzgRtnyugQa24.B6fYhgGPVArnMMvK6BOZcFj1TlG.vnIzd0TMf",
        "flag_code": "",
        "ipaddress": "127.0.0.1",
        "response": "VERIFIED",
        "product_type": "",
        "receipt_id": "",
        "amount3": null,
        "amount2": null,
        "next_payment_date": null,
        "mc_amount3": null,
        "mc_amount2": null,
        "mc_amount1": null,
        "case_creation_date": null,
        "case_type": "",
        "quantity": null
    },
    "model": "ipn.paypalipn",
    "pk": 6
},
{
    "fields": {
        "created_at": "2017-04-22T16:21:10.945Z",
        "last_name": "Greene",
        "shipping_method": "",
        "query": "transaction_subject=How+to+Lose+Friends+%26+Alienate+People&payment_date=09%3A20%3A45+Apr+22%2C+2017+PDT&txn_type=subscr_payment&subscr_id=I-L0R6M64M8FNC&last_name=Greene&residence_country=US&item_name=How+to+Lose+Friends+%26+Alienate+People&payment_gross=14.67&mc_currency=USD&business=brendanjgreene-merchant2%40gmail.com&payment_type=instant&protection_eligibility=Ineligible&verify_sign=AAh-gjn1ENnDuooduWNAFaW4Pdn0A-Qjq6pt3pT6prxaYXIzIDhIOxWC&payer_status=verified&test_ipn=1&payer_email=brendanjgreene-buyer333%40gmail.com&txn_id=1WN248292A938441S&receiver_email=brendanjgreene-merchant2%40gmail.com&first_name=Brendan&invoice=6fb99cb9-99cf-4e7c-b62b-b984bdf2b8fb&payer_id=S9M8WWW5Q76LL&receiver_id=LTYY3UVDYPC2Y&payment_status=Completed&payment_fee=0.73&mc_fee=0.73&mc_gross=14.67&custom=3-1&charset=windows-1252&notify_version=3.8&ipn_track_id=8a6dafac8c753",
        "outstanding_balance": null,
        "subscr_id": "I-L0R6M64M8FNC",
        "auction_multi_item": null,
        "item_name": "How to Lose Friends & Alienate People",
        "case_id": "",
        "mp_id": "",
        "address_name": "",
        "transaction_entity": "",
        "from_view": "",
        "auction_closing_date": null,
        "password": "",
        "auction_buyer_id": "",
        "address_country_code": "",
        "address_city": "",
        "address_status": "",
        "auth_exp": "",
        "payer_email": "brendanjgreene-buyer333@gmail.com",
        "mc_gross": "14.67",
        "reattempt": "",
        "reason_code": "",
        "remaining_settle": null,
        "invoice": "6fb99cb9-99cf-4e7c-b62b-b984bdf2b8fb",
        "address_state": "",
        "num_cart_items": null,
        "address_country": "",
        "payer_business_name": "",
        "first_name": "Brendan",
        "mc_shipping": null,
        "flag_info": "",
        "for_auction": null,
        "profile_status": "",
        "item_number": "",
        "business": "brendanjgreene-merchant2@gmail.com",
        "settle_currency": "",
        "shipping": null,
        "amount": null,
        "currency_code": "",
        "txn_id": "1WN248292A938441S",
        "payment_status": "Completed",
        "payment_gross": "14.67",
        "retry_at": null,
        "exchange_rate": null,
        "residence_country": "US",
        "payer_status": "verified",
        "address_street": "",
        "initial_payment_amount": null,
        "auth_amount": null,
        "custom": "3-1",
        "notify_version": "3.80",
        "period_type": "",
        "settle_amount": null,
        "recurring": "",
        "pending_reason": "",
        "username": "",
        "option_selection1": "",
        "option_selection2": "",
        "memo": "",
        "payer_id": "S9M8WWW5Q76LL",
        "flag": false,
        "mc_handling": null,
        "address_zip": "",
        "mc_fee": "0.73",
        "payment_type": "instant",
        "amount1": null,
        "recurring_payment_id": "",
        "protection_eligibility": "Ineligible",
        "receiver_email": "brendanjgreene-merchant2@gmail.com",
        "tax": null,
        "updated_at": "2017-04-22T16:21:10.956Z",
        "time_created": null,
        "mc_currency": "USD",
        "option_name1": "",
        "subscr_date": null,
        "option_name2": "",
        "txn_type": "subscr_payment",
        "recur_times": null,
        "auth_status": "",
        "auth_id": "",
        "rp_invoice_id": "",
        "payment_cycle": "",
        "subscr_effective": null,
        "charset": "windows-1252",
        "parent_txn_id": "",
        "handling_amount": null,
        "transaction_subject": "How to Lose Friends & Alienate People",
        "contact_phone": "",
        "product_name": "",
        "test_ipn": true,
        "receiver_id": "LTYY3UVDYPC2Y",
        "payment_date": "2017-04-22T16:20:45Z",
        "amount_per_cycle": null,
        "period2": "",
        "period3": "",
        "period1": "",
        "verify_sign": "AAh-gjn1ENnDuooduWNAFaW4Pdn0A-Qjq6pt3pT6prxaYXIzIDhIOxWC",
        "flag_code": "",
        "ipaddress": "127.0.0.1",
        "response": "VERIFIED",
        "product_type": "",
        "receipt_id": "",
        "amount3": null,
        "amount2": null,
        "next_payment_date": null,
        "mc_amount3": null,
        "mc_amount2": null,
        "mc_amount1": null,
        "case_creation_date": null,
        "case_type": "",
        "quantity": null
    },
    "model": "ipn.paypalipn",
    "pk": 7
},
{
    "fields": {
        "created_at": "2017-04-22T16:21:10.991Z",
        "last_name": "Greene",
        "shipping_method": "",
        "query": "txn_type=subscr_signup&subscr_id=I-L0R6M64M8FNC&last_name=Greene&residence_country=US&mc_currency=USD&item_name=How+to+Lose+Friends+%26+Alienate+People&business=brendanjgreene-merchant2%40gmail.com&amount3=14.67&recurring=1&verify_sign=AjWsTWPqZToOVKDUNiak1LHwFCOzARkk1UaH7yE6VyEZbNrJa93VMv5R&payer_status=verified&test_ipn=1&payer_email=brendanjgreene-buyer333%40gmail.com&first_name=Brendan&receiver_email=brendanjgreene-merchant2%40gmail.com&payer_id=S9M8WWW5Q76LL&invoice=6fb99cb9-99cf-4e7c-b62b-b984bdf2b8fb&reattempt=1&subscr_date=09%3A20%3A42+Apr+22%2C+2017+PDT&custom=3-1&charset=windows-1252&notify_version=3.8&period3=1+M&mc_amount3=14.67&ipn_track_id=8a6dafac8c753",
        "outstanding_balance": null,
        "subscr_id": "I-L0R6M64M8FNC",
        "auction_multi_item": null,
        "item_name": "How to Lose Friends & Alienate People",
        "case_id": "",
        "mp_id": "",
        "address_name": "",
        "transaction_entity": "",
        "from_view": "",
        "auction_closing_date": null,
        "password": "",
        "auction_buyer_id": "",
        "address_country_code": "",
        "address_city": "",
        "address_status": "",
        "auth_exp": "",
        "payer_email": "brendanjgreene-buyer333@gmail.com",
        "mc_gross": null,
        "reattempt": "1",
        "reason_code": "",
        "remaining_settle": null,
        "invoice": "6fb99cb9-99cf-4e7c-b62b-b984bdf2b8fb",
        "address_state": "",
        "num_cart_items": null,
        "address_country": "",
        "payer_business_name": "",
        "first_name": "Brendan",
        "mc_shipping": null,
        "flag_info": "",
        "for_auction": null,
        "profile_status": "",
        "item_number": "",
        "business": "brendanjgreene-merchant2@gmail.com",
        "settle_currency": "",
        "shipping": null,
        "amount": null,
        "currency_code": "",
        "txn_id": "",
        "payment_status": "",
        "payment_gross": null,
        "retry_at": null,
        "exchange_rate": null,
        "residence_country": "US",
        "payer_status": "verified",
        "address_street": "",
        "initial_payment_amount": null,
        "auth_amount": null,
        "custom": "3-1",
        "notify_version": "3.80",
        "period_type": "",
        "settle_amount": null,
        "recurring": "1",
        "pending_reason": "",
        "username": "",
        "option_selection1": "",
        "option_selection2": "",
        "memo": "",
        "payer_id": "S9M8WWW5Q76LL",
        "flag": false,
        "mc_handling": null,
        "address_zip": "",
        "mc_fee": null,
        "payment_type": "",
        "amount1": null,
        "recurring_payment_id": "",
        "protection_eligibility": "",
        "receiver_email": "brendanjgreene-merchant2@gmail.com",
        "tax": null,
        "updated_at": "2017-04-22T16:21:11.002Z",
        "time_created": null,
        "mc_currency": "USD",
        "option_name1": "",
        "subscr_date": "2017-04-22T16:20:42Z",
        "option_name2": "",
        "txn_type": "subscr_signup",
        "recur_times": null,
        "auth_status": "",
        "auth_id": "",
        "rp_invoice_id": "",
        "payment_cycle": "",
        "subscr_effective": null,
        "charset": "windows-1252",
        "parent_txn_id": "",
        "handling_amount": null,
        "transaction_subject": "",
        "contact_phone": "",
        "product_name": "",
        "test_ipn": true,
        "receiver_id": "",
        "payment_date": null,
        "amount_per_cycle": null,
        "period2": "",
        "period3": "1 M",
        "period1": "",
        "verify_sign": "AjWsTWPqZToOVKDUNiak1LHwFCOzARkk1UaH7yE6VyEZbNrJa93VMv5R",
        "flag_code": "",
        "ipaddress": "127.0.0.1",
        "response": "VERIFIED",
        "product_type": "",
        "receipt_id": "",
        "amount3": "14.67",
        "amount2": null,
        "next_payment_date": null,
        "mc_amount3": "14.67",
        "mc_amount2": null,
        "mc_amount1": null,
        "case_creation_date": null,
        "case_type": "",
        "quantity": null
    },
    "model": "ipn.paypalipn",
    "pk": 8
},
{
    "fields": {
        "created_at": "2017-04-22T16:30:12.143Z",
        "last_name": "Greene",
        "shipping_method": "",
        "query": "txn_type=subscr_signup&subscr_id=I-ACNJPKRRUBJF&last_name=Greene&residence_country=US&mc_currency=USD&item_name=How+to+Lose+Friends+%26+Alienate+People&business=brendanjgreene-merchant2%40gmail.com&amount3=14.67&recurring=1&verify_sign=AiPC9BjkCyDFQXbSkoZcgqH3hpacAelc.3qmtIENgVjwvv.F3HS1LeCD&payer_status=verified&test_ipn=1&payer_email=brendanjgreene-buyer333%40gmail.com&first_name=Brendan&receiver_email=brendanjgreene-merchant2%40gmail.com&payer_id=S9M8WWW5Q76LL&invoice=53a60168-7ca1-4cb9-b18a-19b28e777510&reattempt=1&subscr_date=09%3A29%3A13+Apr+22%2C+2017+PDT&custom=3-1&charset=windows-1252&notify_version=3.8&period3=1+M&mc_amount3=14.67&ipn_track_id=97d0e60dadf0b",
        "outstanding_balance": null,
        "subscr_id": "I-ACNJPKRRUBJF",
        "auction_multi_item": null,
        "item_name": "How to Lose Friends & Alienate People",
        "case_id": "",
        "mp_id": "",
        "address_name": "",
        "transaction_entity": "",
        "from_view": "",
        "auction_closing_date": null,
        "password": "",
        "auction_buyer_id": "",
        "address_country_code": "",
        "address_city": "",
        "address_status": "",
        "auth_exp": "",
        "payer_email": "brendanjgreene-buyer333@gmail.com",
        "mc_gross": null,
        "reattempt": "1",
        "reason_code": "",
        "remaining_settle": null,
        "invoice": "53a60168-7ca1-4cb9-b18a-19b28e777510",
        "address_state": "",
        "num_cart_items": null,
        "address_country": "",
        "payer_business_name": "",
        "first_name": "Brendan",
        "mc_shipping": null,
        "flag_info": "",
        "for_auction": null,
        "profile_status": "",
        "item_number": "",
        "business": "brendanjgreene-merchant2@gmail.com",
        "settle_currency": "",
        "shipping": null,
        "amount": null,
        "currency_code": "",
        "txn_id": "",
        "payment_status": "",
        "payment_gross": null,
        "retry_at": null,
        "exchange_rate": null,
        "residence_country": "US",
        "payer_status": "verified",
        "address_street": "",
        "initial_payment_amount": null,
        "auth_amount": null,
        "custom": "3-1",
        "notify_version": "3.80",
        "period_type": "",
        "settle_amount": null,
        "recurring": "1",
        "pending_reason": "",
        "username": "",
        "option_selection1": "",
        "option_selection2": "",
        "memo": "",
        "payer_id": "S9M8WWW5Q76LL",
        "flag": false,
        "mc_handling": null,
        "address_zip": "",
        "mc_fee": null,
        "payment_type": "",
        "amount1": null,
        "recurring_payment_id": "",
        "protection_eligibility": "",
        "receiver_email": "brendanjgreene-merchant2@gmail.com",
        "tax": null,
        "updated_at": "2017-04-22T16:30:12.175Z",
        "time_created": null,
        "mc_currency": "USD",
        "option_name1": "",
        "subscr_date": "2017-04-22T16:29:13Z",
        "option_name2": "",
        "txn_type": "subscr_signup",
        "recur_times": null,
        "auth_status": "",
        "auth_id": "",
        "rp_invoice_id": "",
        "payment_cycle": "",
        "subscr_effective": null,
        "charset": "windows-1252",
        "parent_txn_id": "",
        "handling_amount": null,
        "transaction_subject": "",
        "contact_phone": "",
        "product_name": "",
        "test_ipn": true,
        "receiver_id": "",
        "payment_date": null,
        "amount_per_cycle": null,
        "period2": "",
        "period3": "1 M",
        "period1": "",
        "verify_sign": "AiPC9BjkCyDFQXbSkoZcgqH3hpacAelc.3qmtIENgVjwvv.F3HS1LeCD",
        "flag_code": "",
        "ipaddress": "127.0.0.1",
        "response": "VERIFIED",
        "product_type": "",
        "receipt_id": "",
        "amount3": "14.67",
        "amount2": null,
        "next_payment_date": null,
        "mc_amount3": "14.67",
        "mc_amount2": null,
        "mc_amount1": null,
        "case_creation_date": null,
        "case_type": "",
        "quantity": null
    },
    "model": "ipn.paypalipn",
    "pk": 9
},
{
    "fields": {
        "created_at": "2017-04-22T16:30:12.162Z",
        "last_name": "Greene",
        "shipping_method": "",
        "query": "transaction_subject=How+to+Lose+Friends+%26+Alienate+People&payment_date=09%3A29%3A17+Apr+22%2C+2017+PDT&txn_type=subscr_payment&subscr_id=I-ACNJPKRRUBJF&last_name=Greene&residence_country=US&item_name=How+to+Lose+Friends+%26+Alienate+People&payment_gross=14.67&mc_currency=USD&business=brendanjgreene-merchant2%40gmail.com&payment_type=instant&protection_eligibility=Ineligible&verify_sign=APvissTSNYxEsF2tvyvfCnTn10fsAa98jL-Ft3S.N7uWf5ODLdJUe6p5&payer_status=verified&test_ipn=1&payer_email=brendanjgreene-buyer333%40gmail.com&txn_id=11E540332K0195457&receiver_email=brendanjgreene-merchant2%40gmail.com&first_name=Brendan&invoice=53a60168-7ca1-4cb9-b18a-19b28e777510&payer_id=S9M8WWW5Q76LL&receiver_id=LTYY3UVDYPC2Y&payment_status=Completed&payment_fee=0.73&mc_fee=0.73&mc_gross=14.67&custom=3-1&charset=windows-1252&notify_version=3.8&ipn_track_id=97d0e60dadf0b",
        "outstanding_balance": null,
        "subscr_id": "I-ACNJPKRRUBJF",
        "auction_multi_item": null,
        "item_name": "How to Lose Friends & Alienate People",
        "case_id": "",
        "mp_id": "",
        "address_name": "",
        "transaction_entity": "",
        "from_view": "",
        "auction_closing_date": null,
        "password": "",
        "auction_buyer_id": "",
        "address_country_code": "",
        "address_city": "",
        "address_status": "",
        "auth_exp": "",
        "payer_email": "brendanjgreene-buyer333@gmail.com",
        "mc_gross": "14.67",
        "reattempt": "",
        "reason_code": "",
        "remaining_settle": null,
        "invoice": "53a60168-7ca1-4cb9-b18a-19b28e777510",
        "address_state": "",
        "num_cart_items": null,
        "address_country": "",
        "payer_business_name": "",
        "first_name": "Brendan",
        "mc_shipping": null,
        "flag_info": "",
        "for_auction": null,
        "profile_status": "",
        "item_number": "",
        "business": "brendanjgreene-merchant2@gmail.com",
        "settle_currency": "",
        "shipping": null,
        "amount": null,
        "currency_code": "",
        "txn_id": "11E540332K0195457",
        "payment_status": "Completed",
        "payment_gross": "14.67",
        "retry_at": null,
        "exchange_rate": null,
        "residence_country": "US",
        "payer_status": "verified",
        "address_street": "",
        "initial_payment_amount": null,
        "auth_amount": null,
        "custom": "3-1",
        "notify_version": "3.80",
        "period_type": "",
        "settle_amount": null,
        "recurring": "",
        "pending_reason": "",
        "username": "",
        "option_selection1": "",
        "option_selection2": "",
        "memo": "",
        "payer_id": "S9M8WWW5Q76LL",
        "flag": false,
        "mc_handling": null,
        "address_zip": "",
        "mc_fee": "0.73",
        "payment_type": "instant",
        "amount1": null,
        "recurring_payment_id": "",
        "protection_eligibility": "Ineligible",
        "receiver_email": "brendanjgreene-merchant2@gmail.com",
        "tax": null,
        "updated_at": "2017-04-22T16:30:12.193Z",
        "time_created": null,
        "mc_currency": "USD",
        "option_name1": "",
        "subscr_date": null,
        "option_name2": "",
        "txn_type": "subscr_payment",
        "recur_times": null,
        "auth_status": "",
        "auth_id": "",
        "rp_invoice_id": "",
        "payment_cycle": "",
        "subscr_effective": null,
        "charset": "windows-1252",
        "parent_txn_id": "",
        "handling_amount": null,
        "transaction_subject": "How to Lose Friends & Alienate People",
        "contact_phone": "",
        "product_name": "",
        "test_ipn": true,
        "receiver_id": "LTYY3UVDYPC2Y",
        "payment_date": "2017-04-22T16:29:17Z",
        "amount_per_cycle": null,
        "period2": "",
        "period3": "",
        "period1": "",
        "verify_sign": "APvissTSNYxEsF2tvyvfCnTn10fsAa98jL-Ft3S.N7uWf5ODLdJUe6p5",
        "flag_code": "",
        "ipaddress": "127.0.0.1",
        "response": "VERIFIED",
        "product_type": "",
        "receipt_id": "",
        "amount3": null,
        "amount2": null,
        "next_payment_date": null,
        "mc_amount3": null,
        "mc_amount2": null,
        "mc_amount1": null,
        "case_creation_date": null,
        "case_type": "",
        "quantity": null
    },
    "model": "ipn.paypalipn",
    "pk": 10
},
{
    "fields": {
        "created_at": "2017-04-22T16:30:31.618Z",
        "last_name": "Greene",
        "shipping_method": "",
        "query": "transaction_subject=How+to+Lose+Friends+%26+Alienate+People&payment_date=09%3A29%3A17+Apr+22%2C+2017+PDT&txn_type=subscr_payment&subscr_id=I-ACNJPKRRUBJF&last_name=Greene&residence_country=US&item_name=How+to+Lose+Friends+%26+Alienate+People&payment_gross=14.67&mc_currency=USD&business=brendanjgreene-merchant2%40gmail.com&payment_type=instant&protection_eligibility=Ineligible&verify_sign=APvissTSNYxEsF2tvyvfCnTn10fsAa98jL-Ft3S.N7uWf5ODLdJUe6p5&payer_status=verified&test_ipn=1&payer_email=brendanjgreene-buyer333%40gmail.com&txn_id=11E540332K0195457&receiver_email=brendanjgreene-merchant2%40gmail.com&first_name=Brendan&invoice=53a60168-7ca1-4cb9-b18a-19b28e777510&payer_id=S9M8WWW5Q76LL&receiver_id=LTYY3UVDYPC2Y&payment_status=Completed&payment_fee=0.73&mc_fee=0.73&mc_gross=14.67&custom=3-1&charset=windows-1252&notify_version=3.8&ipn_track_id=97d0e60dadf0b",
        "outstanding_balance": null,
        "subscr_id": "I-ACNJPKRRUBJF",
        "auction_multi_item": null,
        "item_name": "How to Lose Friends & Alienate People",
        "case_id": "",
        "mp_id": "",
        "address_name": "",
        "transaction_entity": "",
        "from_view": "",
        "auction_closing_date": null,
        "password": "",
        "auction_buyer_id": "",
        "address_country_code": "",
        "address_city": "",
        "address_status": "",
        "auth_exp": "",
        "payer_email": "brendanjgreene-buyer333@gmail.com",
        "mc_gross": "14.67",
        "reattempt": "",
        "reason_code": "",
        "remaining_settle": null,
        "invoice": "53a60168-7ca1-4cb9-b18a-19b28e777510",
        "address_state": "",
        "num_cart_items": null,
        "address_country": "",
        "payer_business_name": "",
        "first_name": "Brendan",
        "mc_shipping": null,
        "flag_info": "Duplicate txn_id. (11E540332K0195457)",
        "for_auction": null,
        "profile_status": "",
        "item_number": "",
        "business": "brendanjgreene-merchant2@gmail.com",
        "settle_currency": "",
        "shipping": null,
        "amount": null,
        "currency_code": "",
        "txn_id": "11E540332K0195457",
        "payment_status": "Completed",
        "payment_gross": "14.67",
        "retry_at": null,
        "exchange_rate": null,
        "residence_country": "US",
        "payer_status": "verified",
        "address_street": "",
        "initial_payment_amount": null,
        "auth_amount": null,
        "custom": "3-1",
        "notify_version": "3.80",
        "period_type": "",
        "settle_amount": null,
        "recurring": "",
        "pending_reason": "",
        "username": "",
        "option_selection1": "",
        "option_selection2": "",
        "memo": "",
        "payer_id": "S9M8WWW5Q76LL",
        "flag": true,
        "mc_handling": null,
        "address_zip": "",
        "mc_fee": "0.73",
        "payment_type": "instant",
        "amount1": null,
        "recurring_payment_id": "",
        "protection_eligibility": "Ineligible",
        "receiver_email": "brendanjgreene-merchant2@gmail.com",
        "tax": null,
        "updated_at": "2017-04-22T16:30:31.631Z",
        "time_created": null,
        "mc_currency": "USD",
        "option_name1": "",
        "subscr_date": null,
        "option_name2": "",
        "txn_type": "subscr_payment",
        "recur_times": null,
        "auth_status": "",
        "auth_id": "",
        "rp_invoice_id": "",
        "payment_cycle": "",
        "subscr_effective": null,
        "charset": "windows-1252",
        "parent_txn_id": "",
        "handling_amount": null,
        "transaction_subject": "How to Lose Friends & Alienate People",
        "contact_phone": "",
        "product_name": "",
        "test_ipn": true,
        "receiver_id": "LTYY3UVDYPC2Y",
        "payment_date": "2017-04-22T16:29:17Z",
        "amount_per_cycle": null,
        "period2": "",
        "period3": "",
        "period1": "",
        "verify_sign": "APvissTSNYxEsF2tvyvfCnTn10fsAa98jL-Ft3S.N7uWf5ODLdJUe6p5",
        "flag_code": "",
        "ipaddress": "127.0.0.1",
        "response": "VERIFIED",
        "product_type": "",
        "receipt_id": "",
        "amount3": null,
        "amount2": null,
        "next_payment_date": null,
        "mc_amount3": null,
        "mc_amount2": null,
        "mc_amount1": null,
        "case_creation_date": null,
        "case_type": "",
        "quantity": null
    },
    "model": "ipn.paypalipn",
    "pk": 11
},
{
    "fields": {
        "created_at": "2017-04-22T16:30:31.686Z",
        "last_name": "Greene",
        "shipping_method": "",
        "query": "txn_type=subscr_signup&subscr_id=I-ACNJPKRRUBJF&last_name=Greene&residence_country=US&mc_currency=USD&item_name=How+to+Lose+Friends+%26+Alienate+People&business=brendanjgreene-merchant2%40gmail.com&amount3=14.67&recurring=1&verify_sign=AiPC9BjkCyDFQXbSkoZcgqH3hpacAelc.3qmtIENgVjwvv.F3HS1LeCD&payer_status=verified&test_ipn=1&payer_email=brendanjgreene-buyer333%40gmail.com&first_name=Brendan&receiver_email=brendanjgreene-merchant2%40gmail.com&payer_id=S9M8WWW5Q76LL&invoice=53a60168-7ca1-4cb9-b18a-19b28e777510&reattempt=1&subscr_date=09%3A29%3A13+Apr+22%2C+2017+PDT&custom=3-1&charset=windows-1252&notify_version=3.8&period3=1+M&mc_amount3=14.67&ipn_track_id=97d0e60dadf0b",
        "outstanding_balance": null,
        "subscr_id": "I-ACNJPKRRUBJF",
        "auction_multi_item": null,
        "item_name": "How to Lose Friends & Alienate People",
        "case_id": "",
        "mp_id": "",
        "address_name": "",
        "transaction_entity": "",
        "from_view": "",
        "auction_closing_date": null,
        "password": "",
        "auction_buyer_id": "",
        "address_country_code": "",
        "address_city": "",
        "address_status": "",
        "auth_exp": "",
        "payer_email": "brendanjgreene-buyer333@gmail.com",
        "mc_gross": null,
        "reattempt": "1",
        "reason_code": "",
        "remaining_settle": null,
        "invoice": "53a60168-7ca1-4cb9-b18a-19b28e777510",
        "address_state": "",
        "num_cart_items": null,
        "address_country": "",
        "payer_business_name": "",
        "first_name": "Brendan",
        "mc_shipping": null,
        "flag_info": "",
        "for_auction": null,
        "profile_status": "",
        "item_number": "",
        "business": "brendanjgreene-merchant2@gmail.com",
        "settle_currency": "",
        "shipping": null,
        "amount": null,
        "currency_code": "",
        "txn_id": "",
        "payment_status": "",
        "payment_gross": null,
        "retry_at": null,
        "exchange_rate": null,
        "residence_country": "US",
        "payer_status": "verified",
        "address_street": "",
        "initial_payment_amount": null,
        "auth_amount": null,
        "custom": "3-1",
        "notify_version": "3.80",
        "period_type": "",
        "settle_amount": null,
        "recurring": "1",
        "pending_reason": "",
        "username": "",
        "option_selection1": "",
        "option_selection2": "",
        "memo": "",
        "payer_id": "S9M8WWW5Q76LL",
        "flag": false,
        "mc_handling": null,
        "address_zip": "",
        "mc_fee": null,
        "payment_type": "",
        "amount1": null,
        "recurring_payment_id": "",
        "protection_eligibility": "",
        "receiver_email": "brendanjgreene-merchant2@gmail.com",
        "tax": null,
        "updated_at": "2017-04-22T16:30:31.701Z",
        "time_created": null,
        "mc_currency": "USD",
        "option_name1": "",
        "subscr_date": "2017-04-22T16:29:13Z",
        "option_name2": "",
        "txn_type": "subscr_signup",
        "recur_times": null,
        "auth_status": "",
        "auth_id": "",
        "rp_invoice_id": "",
        "payment_cycle": "",
        "subscr_effective": null,
        "charset": "windows-1252",
        "parent_txn_id": "",
        "handling_amount": null,
        "transaction_subject": "",
        "contact_phone": "",
        "product_name": "",
        "test_ipn": true,
        "receiver_id": "",
        "payment_date": null,
        "amount_per_cycle": null,
        "period2": "",
        "period3": "1 M",
        "period1": "",
        "verify_sign": "AiPC9BjkCyDFQXbSkoZcgqH3hpacAelc.3qmtIENgVjwvv.F3HS1LeCD",
        "flag_code": "",
        "ipaddress": "127.0.0.1",
        "response": "VERIFIED",
        "product_type": "",
        "receipt_id": "",
        "amount3": "14.67",
        "amount2": null,
        "next_payment_date": null,
        "mc_amount3": "14.67",
        "mc_amount2": null,
        "mc_amount1": null,
        "case_creation_date": null,
        "case_type": "",
        "quantity": null
    },
    "model": "ipn.paypalipn",
    "pk": 12
},
{
    "fields": {
        "created_at": "2017-04-22T16:31:00.681Z",
        "last_name": "Greene",
        "shipping_method": "",
        "query": "txn_type=subscr_signup&subscr_id=I-ACNJPKRRUBJF&last_name=Greene&residence_country=US&mc_currency=USD&item_name=How+to+Lose+Friends+%26+Alienate+People&business=brendanjgreene-merchant2%40gmail.com&amount3=14.67&recurring=1&verify_sign=AiPC9BjkCyDFQXbSkoZcgqH3hpacAelc.3qmtIENgVjwvv.F3HS1LeCD&payer_status=verified&test_ipn=1&payer_email=brendanjgreene-buyer333%40gmail.com&first_name=Brendan&receiver_email=brendanjgreene-merchant2%40gmail.com&payer_id=S9M8WWW5Q76LL&invoice=53a60168-7ca1-4cb9-b18a-19b28e777510&reattempt=1&subscr_date=09%3A29%3A13+Apr+22%2C+2017+PDT&custom=3-1&charset=windows-1252&notify_version=3.8&period3=1+M&mc_amount3=14.67&ipn_track_id=97d0e60dadf0b",
        "outstanding_balance": null,
        "subscr_id": "I-ACNJPKRRUBJF",
        "auction_multi_item": null,
        "item_name": "How to Lose Friends & Alienate People",
        "case_id": "",
        "mp_id": "",
        "address_name": "",
        "transaction_entity": "",
        "from_view": "",
        "auction_closing_date": null,
        "password": "",
        "auction_buyer_id": "",
        "address_country_code": "",
        "address_city": "",
        "address_status": "",
        "auth_exp": "",
        "payer_email": "brendanjgreene-buyer333@gmail.com",
        "mc_gross": null,
        "reattempt": "1",
        "reason_code": "",
        "remaining_settle": null,
        "invoice": "53a60168-7ca1-4cb9-b18a-19b28e777510",
        "address_state": "",
        "num_cart_items": null,
        "address_country": "",
        "payer_business_name": "",
        "first_name": "Brendan",
        "mc_shipping": null,
        "flag_info": "",
        "for_auction": null,
        "profile_status": "",
        "item_number": "",
        "business": "brendanjgreene-merchant2@gmail.com",
        "settle_currency": "",
        "shipping": null,
        "amount": null,
        "currency_code": "",
        "txn_id": "",
        "payment_status": "",
        "payment_gross": null,
        "retry_at": null,
        "exchange_rate": null,
        "residence_country": "US",
        "payer_status": "verified",
        "address_street": "",
        "initial_payment_amount": null,
        "auth_amount": null,
        "custom": "3-1",
        "notify_version": "3.80",
        "period_type": "",
        "settle_amount": null,
        "recurring": "1",
        "pending_reason": "",
        "username": "",
        "option_selection1": "",
        "option_selection2": "",
        "memo": "",
        "payer_id": "S9M8WWW5Q76LL",
        "flag": false,
        "mc_handling": null,
        "address_zip": "",
        "mc_fee": null,
        "payment_type": "",
        "amount1": null,
        "recurring_payment_id": "",
        "protection_eligibility": "",
        "receiver_email": "brendanjgreene-merchant2@gmail.com",
        "tax": null,
        "updated_at": "2017-04-22T16:31:00.693Z",
        "time_created": null,
        "mc_currency": "USD",
        "option_name1": "",
        "subscr_date": "2017-04-22T16:29:13Z",
        "option_name2": "",
        "txn_type": "subscr_signup",
        "recur_times": null,
        "auth_status": "",
        "auth_id": "",
        "rp_invoice_id": "",
        "payment_cycle": "",
        "subscr_effective": null,
        "charset": "windows-1252",
        "parent_txn_id": "",
        "handling_amount": null,
        "transaction_subject": "",
        "contact_phone": "",
        "product_name": "",
        "test_ipn": true,
        "receiver_id": "",
        "payment_date": null,
        "amount_per_cycle": null,
        "period2": "",
        "period3": "1 M",
        "period1": "",
        "verify_sign": "AiPC9BjkCyDFQXbSkoZcgqH3hpacAelc.3qmtIENgVjwvv.F3HS1LeCD",
        "flag_code": "",
        "ipaddress": "127.0.0.1",
        "response": "VERIFIED",
        "product_type": "",
        "receipt_id": "",
        "amount3": "14.67",
        "amount2": null,
        "next_payment_date": null,
        "mc_amount3": "14.67",
        "mc_amount2": null,
        "mc_amount1": null,
        "case_creation_date": null,
        "case_type": "",
        "quantity": null
    },
    "model": "ipn.paypalipn",
    "pk": 13
},
{
    "fields": {
        "created_at": "2017-04-22T16:31:46.232Z",
        "last_name": "Greene",
        "shipping_method": "",
        "query": "txn_type=subscr_signup&subscr_id=I-ACNJPKRRUBJF&last_name=Greene&residence_country=US&mc_currency=USD&item_name=How+to+Lose+Friends+%26+Alienate+People&business=brendanjgreene-merchant2%40gmail.com&amount3=14.67&recurring=1&verify_sign=AiPC9BjkCyDFQXbSkoZcgqH3hpacAelc.3qmtIENgVjwvv.F3HS1LeCD&payer_status=verified&test_ipn=1&payer_email=brendanjgreene-buyer333%40gmail.com&first_name=Brendan&receiver_email=brendanjgreene-merchant2%40gmail.com&payer_id=S9M8WWW5Q76LL&invoice=53a60168-7ca1-4cb9-b18a-19b28e777510&reattempt=1&subscr_date=09%3A29%3A13+Apr+22%2C+2017+PDT&custom=3-1&charset=windows-1252&notify_version=3.8&period3=1+M&mc_amount3=14.67&ipn_track_id=97d0e60dadf0b",
        "outstanding_balance": null,
        "subscr_id": "I-ACNJPKRRUBJF",
        "auction_multi_item": null,
        "item_name": "How to Lose Friends & Alienate People",
        "case_id": "",
        "mp_id": "",
        "address_name": "",
        "transaction_entity": "",
        "from_view": "",
        "auction_closing_date": null,
        "password": "",
        "auction_buyer_id": "",
        "address_country_code": "",
        "address_city": "",
        "address_status": "",
        "auth_exp": "",
        "payer_email": "brendanjgreene-buyer333@gmail.com",
        "mc_gross": null,
        "reattempt": "1",
        "reason_code": "",
        "remaining_settle": null,
        "invoice": "53a60168-7ca1-4cb9-b18a-19b28e777510",
        "address_state": "",
        "num_cart_items": null,
        "address_country": "",
        "payer_business_name": "",
        "first_name": "Brendan",
        "mc_shipping": null,
        "flag_info": "",
        "for_auction": null,
        "profile_status": "",
        "item_number": "",
        "business": "brendanjgreene-merchant2@gmail.com",
        "settle_currency": "",
        "shipping": null,
        "amount": null,
        "currency_code": "",
        "txn_id": "",
        "payment_status": "",
        "payment_gross": null,
        "retry_at": null,
        "exchange_rate": null,
        "residence_country": "US",
        "payer_status": "verified",
        "address_street": "",
        "initial_payment_amount": null,
        "auth_amount": null,
        "custom": "3-1",
        "notify_version": "3.80",
        "period_type": "",
        "settle_amount": null,
        "recurring": "1",
        "pending_reason": "",
        "username": "",
        "option_selection1": "",
        "option_selection2": "",
        "memo": "",
        "payer_id": "S9M8WWW5Q76LL",
        "flag": false,
        "mc_handling": null,
        "address_zip": "",
        "mc_fee": null,
        "payment_type": "",
        "amount1": null,
        "recurring_payment_id": "",
        "protection_eligibility": "",
        "receiver_email": "brendanjgreene-merchant2@gmail.com",
        "tax": null,
        "updated_at": "2017-04-22T16:31:46.245Z",
        "time_created": null,
        "mc_currency": "USD",
        "option_name1": "",
        "subscr_date": "2017-04-22T16:29:13Z",
        "option_name2": "",
        "txn_type": "subscr_signup",
        "recur_times": null,
        "auth_status": "",
        "auth_id": "",
        "rp_invoice_id": "",
        "payment_cycle": "",
        "subscr_effective": null,
        "charset": "windows-1252",
        "parent_txn_id": "",
        "handling_amount": null,
        "transaction_subject": "",
        "contact_phone": "",
        "product_name": "",
        "test_ipn": true,
        "receiver_id": "",
        "payment_date": null,
        "amount_per_cycle": null,
        "period2": "",
        "period3": "1 M",
        "period1": "",
        "verify_sign": "AiPC9BjkCyDFQXbSkoZcgqH3hpacAelc.3qmtIENgVjwvv.F3HS1LeCD",
        "flag_code": "",
        "ipaddress": "127.0.0.1",
        "response": "VERIFIED",
        "product_type": "",
        "receipt_id": "",
        "amount3": "14.67",
        "amount2": null,
        "next_payment_date": null,
        "mc_amount3": "14.67",
        "mc_amount2": null,
        "mc_amount1": null,
        "case_creation_date": null,
        "case_type": "",
        "quantity": null
    },
    "model": "ipn.paypalipn",
    "pk": 14
},
{
    "fields": {
        "created_at": "2017-04-22T16:33:15.320Z",
        "last_name": "Greene",
        "shipping_method": "",
        "query": "txn_type=subscr_signup&subscr_id=I-ACNJPKRRUBJF&last_name=Greene&residence_country=US&mc_currency=USD&item_name=How+to+Lose+Friends+%26+Alienate+People&business=brendanjgreene-merchant2%40gmail.com&amount3=14.67&recurring=1&verify_sign=AiPC9BjkCyDFQXbSkoZcgqH3hpacAelc.3qmtIENgVjwvv.F3HS1LeCD&payer_status=verified&test_ipn=1&payer_email=brendanjgreene-buyer333%40gmail.com&first_name=Brendan&receiver_email=brendanjgreene-merchant2%40gmail.com&payer_id=S9M8WWW5Q76LL&invoice=53a60168-7ca1-4cb9-b18a-19b28e777510&reattempt=1&subscr_date=09%3A29%3A13+Apr+22%2C+2017+PDT&custom=3-1&charset=windows-1252&notify_version=3.8&period3=1+M&mc_amount3=14.67&ipn_track_id=97d0e60dadf0b",
        "outstanding_balance": null,
        "subscr_id": "I-ACNJPKRRUBJF",
        "auction_multi_item": null,
        "item_name": "How to Lose Friends & Alienate People",
        "case_id": "",
        "mp_id": "",
        "address_name": "",
        "transaction_entity": "",
        "from_view": "",
        "auction_closing_date": null,
        "password": "",
        "auction_buyer_id": "",
        "address_country_code": "",
        "address_city": "",
        "address_status": "",
        "auth_exp": "",
        "payer_email": "brendanjgreene-buyer333@gmail.com",
        "mc_gross": null,
        "reattempt": "1",
        "reason_code": "",
        "remaining_settle": null,
        "invoice": "53a60168-7ca1-4cb9-b18a-19b28e777510",
        "address_state": "",
        "num_cart_items": null,
        "address_country": "",
        "payer_business_name": "",
        "first_name": "Brendan",
        "mc_shipping": null,
        "flag_info": "",
        "for_auction": null,
        "profile_status": "",
        "item_number": "",
        "business": "brendanjgreene-merchant2@gmail.com",
        "settle_currency": "",
        "shipping": null,
        "amount": null,
        "currency_code": "",
        "txn_id": "",
        "payment_status": "",
        "payment_gross": null,
        "retry_at": null,
        "exchange_rate": null,
        "residence_country": "US",
        "payer_status": "verified",
        "address_street": "",
        "initial_payment_amount": null,
        "auth_amount": null,
        "custom": "3-1",
        "notify_version": "3.80",
        "period_type": "",
        "settle_amount": null,
        "recurring": "1",
        "pending_reason": "",
        "username": "",
        "option_selection1": "",
        "option_selection2": "",
        "memo": "",
        "payer_id": "S9M8WWW5Q76LL",
        "flag": false,
        "mc_handling": null,
        "address_zip": "",
        "mc_fee": null,
        "payment_type": "",
        "amount1": null,
        "recurring_payment_id": "",
        "protection_eligibility": "",
        "receiver_email": "brendanjgreene-merchant2@gmail.com",
        "tax": null,
        "updated_at": "2017-04-22T16:33:15.331Z",
        "time_created": null,
        "mc_currency": "USD",
        "option_name1": "",
        "subscr_date": "2017-04-22T16:29:13Z",
        "option_name2": "",
        "txn_type": "subscr_signup",
        "recur_times": null,
        "auth_status": "",
        "auth_id": "",
        "rp_invoice_id": "",
        "payment_cycle": "",
        "subscr_effective": null,
        "charset": "windows-1252",
        "parent_txn_id": "",
        "handling_amount": null,
        "transaction_subject": "",
        "contact_phone": "",
        "product_name": "",
        "test_ipn": true,
        "receiver_id": "",
        "payment_date": null,
        "amount_per_cycle": null,
        "period2": "",
        "period3": "1 M",
        "period1": "",
        "verify_sign": "AiPC9BjkCyDFQXbSkoZcgqH3hpacAelc.3qmtIENgVjwvv.F3HS1LeCD",
        "flag_code": "",
        "ipaddress": "127.0.0.1",
        "response": "VERIFIED",
        "product_type": "",
        "receipt_id": "",
        "amount3": "14.67",
        "amount2": null,
        "next_payment_date": null,
        "mc_amount3": "14.67",
        "mc_amount2": null,
        "mc_amount1": null,
        "case_creation_date": null,
        "case_type": "",
        "quantity": null
    },
    "model": "ipn.paypalipn",
    "pk": 15
},
{
    "fields": {
        "created_at": "2017-04-22T16:36:00.999Z",
        "last_name": "Greene",
        "shipping_method": "",
        "query": "txn_type=subscr_signup&subscr_id=I-ACNJPKRRUBJF&last_name=Greene&residence_country=US&mc_currency=USD&item_name=How+to+Lose+Friends+%26+Alienate+People&business=brendanjgreene-merchant2%40gmail.com&amount3=14.67&recurring=1&verify_sign=AiPC9BjkCyDFQXbSkoZcgqH3hpacAelc.3qmtIENgVjwvv.F3HS1LeCD&payer_status=verified&test_ipn=1&payer_email=brendanjgreene-buyer333%40gmail.com&first_name=Brendan&receiver_email=brendanjgreene-merchant2%40gmail.com&payer_id=S9M8WWW5Q76LL&invoice=53a60168-7ca1-4cb9-b18a-19b28e777510&reattempt=1&subscr_date=09%3A29%3A13+Apr+22%2C+2017+PDT&custom=3-1&charset=windows-1252&notify_version=3.8&period3=1+M&mc_amount3=14.67&ipn_track_id=97d0e60dadf0b",
        "outstanding_balance": null,
        "subscr_id": "I-ACNJPKRRUBJF",
        "auction_multi_item": null,
        "item_name": "How to Lose Friends & Alienate People",
        "case_id": "",
        "mp_id": "",
        "address_name": "",
        "transaction_entity": "",
        "from_view": "",
        "auction_closing_date": null,
        "password": "",
        "auction_buyer_id": "",
        "address_country_code": "",
        "address_city": "",
        "address_status": "",
        "auth_exp": "",
        "payer_email": "brendanjgreene-buyer333@gmail.com",
        "mc_gross": null,
        "reattempt": "1",
        "reason_code": "",
        "remaining_settle": null,
        "invoice": "53a60168-7ca1-4cb9-b18a-19b28e777510",
        "address_state": "",
        "num_cart_items": null,
        "address_country": "",
        "payer_business_name": "",
        "first_name": "Brendan",
        "mc_shipping": null,
        "flag_info": "",
        "for_auction": null,
        "profile_status": "",
        "item_number": "",
        "business": "brendanjgreene-merchant2@gmail.com",
        "settle_currency": "",
        "shipping": null,
        "amount": null,
        "currency_code": "",
        "txn_id": "",
        "payment_status": "",
        "payment_gross": null,
        "retry_at": null,
        "exchange_rate": null,
        "residence_country": "US",
        "payer_status": "verified",
        "address_street": "",
        "initial_payment_amount": null,
        "auth_amount": null,
        "custom": "3-1",
        "notify_version": "3.80",
        "period_type": "",
        "settle_amount": null,
        "recurring": "1",
        "pending_reason": "",
        "username": "",
        "option_selection1": "",
        "option_selection2": "",
        "memo": "",
        "payer_id": "S9M8WWW5Q76LL",
        "flag": false,
        "mc_handling": null,
        "address_zip": "",
        "mc_fee": null,
        "payment_type": "",
        "amount1": null,
        "recurring_payment_id": "",
        "protection_eligibility": "",
        "receiver_email": "brendanjgreene-merchant2@gmail.com",
        "tax": null,
        "updated_at": "2017-04-22T16:36:01.012Z",
        "time_created": null,
        "mc_currency": "USD",
        "option_name1": "",
        "subscr_date": "2017-04-22T16:29:13Z",
        "option_name2": "",
        "txn_type": "subscr_signup",
        "recur_times": null,
        "auth_status": "",
        "auth_id": "",
        "rp_invoice_id": "",
        "payment_cycle": "",
        "subscr_effective": null,
        "charset": "windows-1252",
        "parent_txn_id": "",
        "handling_amount": null,
        "transaction_subject": "",
        "contact_phone": "",
        "product_name": "",
        "test_ipn": true,
        "receiver_id": "",
        "payment_date": null,
        "amount_per_cycle": null,
        "period2": "",
        "period3": "1 M",
        "period1": "",
        "verify_sign": "AiPC9BjkCyDFQXbSkoZcgqH3hpacAelc.3qmtIENgVjwvv.F3HS1LeCD",
        "flag_code": "",
        "ipaddress": "127.0.0.1",
        "response": "VERIFIED",
        "product_type": "",
        "receipt_id": "",
        "amount3": "14.67",
        "amount2": null,
        "next_payment_date": null,
        "mc_amount3": "14.67",
        "mc_amount2": null,
        "mc_amount1": null,
        "case_creation_date": null,
        "case_type": "",
        "quantity": null
    },
    "model": "ipn.paypalipn",
    "pk": 16
},
{
    "fields": {
        "created_at": "2017-04-22T16:41:25.869Z",
        "last_name": "Greene",
        "shipping_method": "",
        "query": "txn_type=subscr_signup&subscr_id=I-ACNJPKRRUBJF&last_name=Greene&residence_country=US&mc_currency=USD&item_name=How+to+Lose+Friends+%26+Alienate+People&business=brendanjgreene-merchant2%40gmail.com&amount3=14.67&recurring=1&verify_sign=AiPC9BjkCyDFQXbSkoZcgqH3hpacAelc.3qmtIENgVjwvv.F3HS1LeCD&payer_status=verified&test_ipn=1&payer_email=brendanjgreene-buyer333%40gmail.com&first_name=Brendan&receiver_email=brendanjgreene-merchant2%40gmail.com&payer_id=S9M8WWW5Q76LL&invoice=53a60168-7ca1-4cb9-b18a-19b28e777510&reattempt=1&subscr_date=09%3A29%3A13+Apr+22%2C+2017+PDT&custom=3-1&charset=windows-1252&notify_version=3.8&period3=1+M&mc_amount3=14.67&ipn_track_id=97d0e60dadf0b",
        "outstanding_balance": null,
        "subscr_id": "I-ACNJPKRRUBJF",
        "auction_multi_item": null,
        "item_name": "How to Lose Friends & Alienate People",
        "case_id": "",
        "mp_id": "",
        "address_name": "",
        "transaction_entity": "",
        "from_view": "",
        "auction_closing_date": null,
        "password": "",
        "auction_buyer_id": "",
        "address_country_code": "",
        "address_city": "",
        "address_status": "",
        "auth_exp": "",
        "payer_email": "brendanjgreene-buyer333@gmail.com",
        "mc_gross": null,
        "reattempt": "1",
        "reason_code": "",
        "remaining_settle": null,
        "invoice": "53a60168-7ca1-4cb9-b18a-19b28e777510",
        "address_state": "",
        "num_cart_items": null,
        "address_country": "",
        "payer_business_name": "",
        "first_name": "Brendan",
        "mc_shipping": null,
        "flag_info": "",
        "for_auction": null,
        "profile_status": "",
        "item_number": "",
        "business": "brendanjgreene-merchant2@gmail.com",
        "settle_currency": "",
        "shipping": null,
        "amount": null,
        "currency_code": "",
        "txn_id": "",
        "payment_status": "",
        "payment_gross": null,
        "retry_at": null,
        "exchange_rate": null,
        "residence_country": "US",
        "payer_status": "verified",
        "address_street": "",
        "initial_payment_amount": null,
        "auth_amount": null,
        "custom": "3-1",
        "notify_version": "3.80",
        "period_type": "",
        "settle_amount": null,
        "recurring": "1",
        "pending_reason": "",
        "username": "",
        "option_selection1": "",
        "option_selection2": "",
        "memo": "",
        "payer_id": "S9M8WWW5Q76LL",
        "flag": false,
        "mc_handling": null,
        "address_zip": "",
        "mc_fee": null,
        "payment_type": "",
        "amount1": null,
        "recurring_payment_id": "",
        "protection_eligibility": "",
        "receiver_email": "brendanjgreene-merchant2@gmail.com",
        "tax": null,
        "updated_at": "2017-04-22T16:41:25.880Z",
        "time_created": null,
        "mc_currency": "USD",
        "option_name1": "",
        "subscr_date": "2017-04-22T16:29:13Z",
        "option_name2": "",
        "txn_type": "subscr_signup",
        "recur_times": null,
        "auth_status": "",
        "auth_id": "",
        "rp_invoice_id": "",
        "payment_cycle": "",
        "subscr_effective": null,
        "charset": "windows-1252",
        "parent_txn_id": "",
        "handling_amount": null,
        "transaction_subject": "",
        "contact_phone": "",
        "product_name": "",
        "test_ipn": true,
        "receiver_id": "",
        "payment_date": null,
        "amount_per_cycle": null,
        "period2": "",
        "period3": "1 M",
        "period1": "",
        "verify_sign": "AiPC9BjkCyDFQXbSkoZcgqH3hpacAelc.3qmtIENgVjwvv.F3HS1LeCD",
        "flag_code": "",
        "ipaddress": "127.0.0.1",
        "response": "VERIFIED",
        "product_type": "",
        "receipt_id": "",
        "amount3": "14.67",
        "amount2": null,
        "next_payment_date": null,
        "mc_amount3": "14.67",
        "mc_amount2": null,
        "mc_amount1": null,
        "case_creation_date": null,
        "case_type": "",
        "quantity": null
    },
    "model": "ipn.paypalipn",
    "pk": 17
},
{
    "fields": {
        "created_at": "2017-04-22T16:52:11.410Z",
        "last_name": "Greene",
        "shipping_method": "",
        "query": "txn_type=subscr_signup&subscr_id=I-ACNJPKRRUBJF&last_name=Greene&residence_country=US&mc_currency=USD&item_name=How+to+Lose+Friends+%26+Alienate+People&business=brendanjgreene-merchant2%40gmail.com&amount3=14.67&recurring=1&verify_sign=AiPC9BjkCyDFQXbSkoZcgqH3hpacAelc.3qmtIENgVjwvv.F3HS1LeCD&payer_status=verified&test_ipn=1&payer_email=brendanjgreene-buyer333%40gmail.com&first_name=Brendan&receiver_email=brendanjgreene-merchant2%40gmail.com&payer_id=S9M8WWW5Q76LL&invoice=53a60168-7ca1-4cb9-b18a-19b28e777510&reattempt=1&subscr_date=09%3A29%3A13+Apr+22%2C+2017+PDT&custom=3-1&charset=windows-1252&notify_version=3.8&period3=1+M&mc_amount3=14.67&ipn_track_id=97d0e60dadf0b",
        "outstanding_balance": null,
        "subscr_id": "I-ACNJPKRRUBJF",
        "auction_multi_item": null,
        "item_name": "How to Lose Friends & Alienate People",
        "case_id": "",
        "mp_id": "",
        "address_name": "",
        "transaction_entity": "",
        "from_view": "",
        "auction_closing_date": null,
        "password": "",
        "auction_buyer_id": "",
        "address_country_code": "",
        "address_city": "",
        "address_status": "",
        "auth_exp": "",
        "payer_email": "brendanjgreene-buyer333@gmail.com",
        "mc_gross": null,
        "reattempt": "1",
        "reason_code": "",
        "remaining_settle": null,
        "invoice": "53a60168-7ca1-4cb9-b18a-19b28e777510",
        "address_state": "",
        "num_cart_items": null,
        "address_country": "",
        "payer_business_name": "",
        "first_name": "Brendan",
        "mc_shipping": null,
        "flag_info": "",
        "for_auction": null,
        "profile_status": "",
        "item_number": "",
        "business": "brendanjgreene-merchant2@gmail.com",
        "settle_currency": "",
        "shipping": null,
        "amount": null,
        "currency_code": "",
        "txn_id": "",
        "payment_status": "",
        "payment_gross": null,
        "retry_at": null,
        "exchange_rate": null,
        "residence_country": "US",
        "payer_status": "verified",
        "address_street": "",
        "initial_payment_amount": null,
        "auth_amount": null,
        "custom": "3-1",
        "notify_version": "3.80",
        "period_type": "",
        "settle_amount": null,
        "recurring": "1",
        "pending_reason": "",
        "username": "",
        "option_selection1": "",
        "option_selection2": "",
        "memo": "",
        "payer_id": "S9M8WWW5Q76LL",
        "flag": false,
        "mc_handling": null,
        "address_zip": "",
        "mc_fee": null,
        "payment_type": "",
        "amount1": null,
        "recurring_payment_id": "",
        "protection_eligibility": "",
        "receiver_email": "brendanjgreene-merchant2@gmail.com",
        "tax": null,
        "updated_at": "2017-04-22T16:52:11.427Z",
        "time_created": null,
        "mc_currency": "USD",
        "option_name1": "",
        "subscr_date": "2017-04-22T16:29:13Z",
        "option_name2": "",
        "txn_type": "subscr_signup",
        "recur_times": null,
        "auth_status": "",
        "auth_id": "",
        "rp_invoice_id": "",
        "payment_cycle": "",
        "subscr_effective": null,
        "charset": "windows-1252",
        "parent_txn_id": "",
        "handling_amount": null,
        "transaction_subject": "",
        "contact_phone": "",
        "product_name": "",
        "test_ipn": true,
        "receiver_id": "",
        "payment_date": null,
        "amount_per_cycle": null,
        "period2": "",
        "period3": "1 M",
        "period1": "",
        "verify_sign": "AiPC9BjkCyDFQXbSkoZcgqH3hpacAelc.3qmtIENgVjwvv.F3HS1LeCD",
        "flag_code": "",
        "ipaddress": "127.0.0.1",
        "response": "VERIFIED",
        "product_type": "",
        "receipt_id": "",
        "amount3": "14.67",
        "amount2": null,
        "next_payment_date": null,
        "mc_amount3": "14.67",
        "mc_amount2": null,
        "mc_amount1": null,
        "case_creation_date": null,
        "case_type": "",
        "quantity": null
    },
    "model": "ipn.paypalipn",
    "pk": 18
},
{
    "fields": {
        "created_at": "2017-04-22T17:00:35.426Z",
        "last_name": "Greene",
        "shipping_method": "",
        "query": "transaction_subject=&payment_date=10%3A00%3A15+Apr+22%2C+2017+PDT&txn_type=web_accept&last_name=Greene&residence_country=US&item_name=NIKE+DIAMOND+ARM+BAND+FOR+IPHONE+5&payment_gross=9.99&mc_currency=USD&business=brendanjgreene-merchant2%40gmail.com&payment_type=instant&protection_eligibility=Eligible&verify_sign=ApBHX6qbpxJW-Ll3oP22LSbo0WeuAbBYr8-4B8FSrWbMMe.pFLNU9j64&payer_status=verified&test_ipn=1&payer_email=brendanjgreene-buyer333%40gmail.com&txn_id=8P021826W1466873S&quantity=1&receiver_email=brendanjgreene-merchant2%40gmail.com&first_name=Brendan&invoice=2-be74ed12-6e37-4246-b60c-870e336f5d0b&payer_id=S9M8WWW5Q76LL&receiver_id=LTYY3UVDYPC2Y&item_number=&payment_status=Completed&payment_fee=0.59&mc_fee=0.59&mc_gross=9.99&custom=&charset=windows-1252&notify_version=3.8&ipn_track_id=8395404bacbdc",
        "outstanding_balance": null,
        "subscr_id": "",
        "auction_multi_item": null,
        "item_name": "NIKE DIAMOND ARM BAND FOR IPHONE 5",
        "case_id": "",
        "mp_id": "",
        "address_name": "",
        "transaction_entity": "",
        "from_view": "",
        "auction_closing_date": null,
        "password": "",
        "auction_buyer_id": "",
        "address_country_code": "",
        "address_city": "",
        "address_status": "",
        "auth_exp": "",
        "payer_email": "brendanjgreene-buyer333@gmail.com",
        "mc_gross": "9.99",
        "reattempt": "",
        "reason_code": "",
        "remaining_settle": null,
        "invoice": "2-be74ed12-6e37-4246-b60c-870e336f5d0b",
        "address_state": "",
        "num_cart_items": null,
        "address_country": "",
        "payer_business_name": "",
        "first_name": "Brendan",
        "mc_shipping": null,
        "flag_info": "",
        "for_auction": null,
        "profile_status": "",
        "item_number": "",
        "business": "brendanjgreene-merchant2@gmail.com",
        "settle_currency": "",
        "shipping": null,
        "amount": null,
        "currency_code": "",
        "txn_id": "8P021826W1466873S",
        "payment_status": "Completed",
        "payment_gross": "9.99",
        "retry_at": null,
        "exchange_rate": null,
        "residence_country": "US",
        "payer_status": "verified",
        "address_street": "",
        "initial_payment_amount": null,
        "auth_amount": null,
        "custom": "",
        "notify_version": "3.80",
        "period_type": "",
        "settle_amount": null,
        "recurring": "",
        "pending_reason": "",
        "username": "",
        "option_selection1": "",
        "option_selection2": "",
        "memo": "",
        "payer_id": "S9M8WWW5Q76LL",
        "flag": false,
        "mc_handling": null,
        "address_zip": "",
        "mc_fee": "0.59",
        "payment_type": "instant",
        "amount1": null,
        "recurring_payment_id": "",
        "protection_eligibility": "Eligible",
        "receiver_email": "brendanjgreene-merchant2@gmail.com",
        "tax": null,
        "updated_at": "2017-04-22T17:00:35.436Z",
        "time_created": null,
        "mc_currency": "USD",
        "option_name1": "",
        "subscr_date": null,
        "option_name2": "",
        "txn_type": "web_accept",
        "recur_times": null,
        "auth_status": "",
        "auth_id": "",
        "rp_invoice_id": "",
        "payment_cycle": "",
        "subscr_effective": null,
        "charset": "windows-1252",
        "parent_txn_id": "",
        "handling_amount": null,
        "transaction_subject": "",
        "contact_phone": "",
        "product_name": "",
        "test_ipn": true,
        "receiver_id": "LTYY3UVDYPC2Y",
        "payment_date": "2017-04-22T17:00:15Z",
        "amount_per_cycle": null,
        "period2": "",
        "period3": "",
        "period1": "",
        "verify_sign": "ApBHX6qbpxJW-Ll3oP22LSbo0WeuAbBYr8-4B8FSrWbMMe.pFLNU9j64",
        "flag_code": "",
        "ipaddress": "127.0.0.1",
        "response": "VERIFIED",
        "product_type": "",
        "receipt_id": "",
        "amount3": null,
        "amount2": null,
        "next_payment_date": null,
        "mc_amount3": null,
        "mc_amount2": null,
        "mc_amount1": null,
        "case_creation_date": null,
        "case_type": "",
        "quantity": 1
    },
    "model": "ipn.paypalipn",
    "pk": 19
},
{
    "fields": {
        "created_at": "2017-04-22T17:00:52.968Z",
        "last_name": "Greene",
        "shipping_method": "",
        "query": "transaction_subject=&payment_date=10%3A00%3A15+Apr+22%2C+2017+PDT&txn_type=web_accept&last_name=Greene&residence_country=US&item_name=NIKE+DIAMOND+ARM+BAND+FOR+IPHONE+5&payment_gross=9.99&mc_currency=USD&business=brendanjgreene-merchant2%40gmail.com&payment_type=instant&protection_eligibility=Eligible&verify_sign=ApBHX6qbpxJW-Ll3oP22LSbo0WeuAbBYr8-4B8FSrWbMMe.pFLNU9j64&payer_status=verified&test_ipn=1&payer_email=brendanjgreene-buyer333%40gmail.com&txn_id=8P021826W1466873S&quantity=1&receiver_email=brendanjgreene-merchant2%40gmail.com&first_name=Brendan&invoice=2-be74ed12-6e37-4246-b60c-870e336f5d0b&payer_id=S9M8WWW5Q76LL&receiver_id=LTYY3UVDYPC2Y&item_number=&payment_status=Completed&payment_fee=0.59&mc_fee=0.59&mc_gross=9.99&custom=&charset=windows-1252&notify_version=3.8&ipn_track_id=8395404bacbdc",
        "outstanding_balance": null,
        "subscr_id": "",
        "auction_multi_item": null,
        "item_name": "NIKE DIAMOND ARM BAND FOR IPHONE 5",
        "case_id": "",
        "mp_id": "",
        "address_name": "",
        "transaction_entity": "",
        "from_view": "",
        "auction_closing_date": null,
        "password": "",
        "auction_buyer_id": "",
        "address_country_code": "",
        "address_city": "",
        "address_status": "",
        "auth_exp": "",
        "payer_email": "brendanjgreene-buyer333@gmail.com",
        "mc_gross": "9.99",
        "reattempt": "",
        "reason_code": "",
        "remaining_settle": null,
        "invoice": "2-be74ed12-6e37-4246-b60c-870e336f5d0b",
        "address_state": "",
        "num_cart_items": null,
        "address_country": "",
        "payer_business_name": "",
        "first_name": "Brendan",
        "mc_shipping": null,
        "flag_info": "Duplicate txn_id. (8P021826W1466873S)",
        "for_auction": null,
        "profile_status": "",
        "item_number": "",
        "business": "brendanjgreene-merchant2@gmail.com",
        "settle_currency": "",
        "shipping": null,
        "amount": null,
        "currency_code": "",
        "txn_id": "8P021826W1466873S",
        "payment_status": "Completed",
        "payment_gross": "9.99",
        "retry_at": null,
        "exchange_rate": null,
        "residence_country": "US",
        "payer_status": "verified",
        "address_street": "",
        "initial_payment_amount": null,
        "auth_amount": null,
        "custom": "",
        "notify_version": "3.80",
        "period_type": "",
        "settle_amount": null,
        "recurring": "",
        "pending_reason": "",
        "username": "",
        "option_selection1": "",
        "option_selection2": "",
        "memo": "",
        "payer_id": "S9M8WWW5Q76LL",
        "flag": true,
        "mc_handling": null,
        "address_zip": "",
        "mc_fee": "0.59",
        "payment_type": "instant",
        "amount1": null,
        "recurring_payment_id": "",
        "protection_eligibility": "Eligible",
        "receiver_email": "brendanjgreene-merchant2@gmail.com",
        "tax": null,
        "updated_at": "2017-04-22T17:00:52.981Z",
        "time_created": null,
        "mc_currency": "USD",
        "option_name1": "",
        "subscr_date": null,
        "option_name2": "",
        "txn_type": "web_accept",
        "recur_times": null,
        "auth_status": "",
        "auth_id": "",
        "rp_invoice_id": "",
        "payment_cycle": "",
        "subscr_effective": null,
        "charset": "windows-1252",
        "parent_txn_id": "",
        "handling_amount": null,
        "transaction_subject": "",
        "contact_phone": "",
        "product_name": "",
        "test_ipn": true,
        "receiver_id": "LTYY3UVDYPC2Y",
        "payment_date": "2017-04-22T17:00:15Z",
        "amount_per_cycle": null,
        "period2": "",
        "period3": "",
        "period1": "",
        "verify_sign": "ApBHX6qbpxJW-Ll3oP22LSbo0WeuAbBYr8-4B8FSrWbMMe.pFLNU9j64",
        "flag_code": "",
        "ipaddress": "127.0.0.1",
        "response": "VERIFIED",
        "product_type": "",
        "receipt_id": "",
        "amount3": null,
        "amount2": null,
        "next_payment_date": null,
        "mc_amount3": null,
        "mc_amount2": null,
        "mc_amount1": null,
        "case_creation_date": null,
        "case_type": "",
        "quantity": 1
    },
    "model": "ipn.paypalipn",
    "pk": 20
},
{
    "fields": {
        "created_at": "2017-04-22T17:13:37.424Z",
        "last_name": "Greene",
        "shipping_method": "",
        "query": "txn_type=subscr_signup&subscr_id=I-ACNJPKRRUBJF&last_name=Greene&residence_country=US&mc_currency=USD&item_name=How+to+Lose+Friends+%26+Alienate+People&business=brendanjgreene-merchant2%40gmail.com&amount3=14.67&recurring=1&verify_sign=AiPC9BjkCyDFQXbSkoZcgqH3hpacAelc.3qmtIENgVjwvv.F3HS1LeCD&payer_status=verified&test_ipn=1&payer_email=brendanjgreene-buyer333%40gmail.com&first_name=Brendan&receiver_email=brendanjgreene-merchant2%40gmail.com&payer_id=S9M8WWW5Q76LL&invoice=53a60168-7ca1-4cb9-b18a-19b28e777510&reattempt=1&subscr_date=09%3A29%3A13+Apr+22%2C+2017+PDT&custom=3-1&charset=windows-1252&notify_version=3.8&period3=1+M&mc_amount3=14.67&ipn_track_id=97d0e60dadf0b",
        "outstanding_balance": null,
        "subscr_id": "I-ACNJPKRRUBJF",
        "auction_multi_item": null,
        "item_name": "How to Lose Friends & Alienate People",
        "case_id": "",
        "mp_id": "",
        "address_name": "",
        "transaction_entity": "",
        "from_view": "",
        "auction_closing_date": null,
        "password": "",
        "auction_buyer_id": "",
        "address_country_code": "",
        "address_city": "",
        "address_status": "",
        "auth_exp": "",
        "payer_email": "brendanjgreene-buyer333@gmail.com",
        "mc_gross": null,
        "reattempt": "1",
        "reason_code": "",
        "remaining_settle": null,
        "invoice": "53a60168-7ca1-4cb9-b18a-19b28e777510",
        "address_state": "",
        "num_cart_items": null,
        "address_country": "",
        "payer_business_name": "",
        "first_name": "Brendan",
        "mc_shipping": null,
        "flag_info": "",
        "for_auction": null,
        "profile_status": "",
        "item_number": "",
        "business": "brendanjgreene-merchant2@gmail.com",
        "settle_currency": "",
        "shipping": null,
        "amount": null,
        "currency_code": "",
        "txn_id": "",
        "payment_status": "",
        "payment_gross": null,
        "retry_at": null,
        "exchange_rate": null,
        "residence_country": "US",
        "payer_status": "verified",
        "address_street": "",
        "initial_payment_amount": null,
        "auth_amount": null,
        "custom": "3-1",
        "notify_version": "3.80",
        "period_type": "",
        "settle_amount": null,
        "recurring": "1",
        "pending_reason": "",
        "username": "",
        "option_selection1": "",
        "option_selection2": "",
        "memo": "",
        "payer_id": "S9M8WWW5Q76LL",
        "flag": false,
        "mc_handling": null,
        "address_zip": "",
        "mc_fee": null,
        "payment_type": "",
        "amount1": null,
        "recurring_payment_id": "",
        "protection_eligibility": "",
        "receiver_email": "brendanjgreene-merchant2@gmail.com",
        "tax": null,
        "updated_at": "2017-04-22T17:13:37.435Z",
        "time_created": null,
        "mc_currency": "USD",
        "option_name1": "",
        "subscr_date": "2017-04-22T16:29:13Z",
        "option_name2": "",
        "txn_type": "subscr_signup",
        "recur_times": null,
        "auth_status": "",
        "auth_id": "",
        "rp_invoice_id": "",
        "payment_cycle": "",
        "subscr_effective": null,
        "charset": "windows-1252",
        "parent_txn_id": "",
        "handling_amount": null,
        "transaction_subject": "",
        "contact_phone": "",
        "product_name": "",
        "test_ipn": true,
        "receiver_id": "",
        "payment_date": null,
        "amount_per_cycle": null,
        "period2": "",
        "period3": "1 M",
        "period1": "",
        "verify_sign": "AiPC9BjkCyDFQXbSkoZcgqH3hpacAelc.3qmtIENgVjwvv.F3HS1LeCD",
        "flag_code": "",
        "ipaddress": "127.0.0.1",
        "response": "VERIFIED",
        "product_type": "",
        "receipt_id": "",
        "amount3": "14.67",
        "amount2": null,
        "next_payment_date": null,
        "mc_amount3": "14.67",
        "mc_amount2": null,
        "mc_amount1": null,
        "case_creation_date": null,
        "case_type": "",
        "quantity": null
    },
    "model": "ipn.paypalipn",
    "pk": 21
},
{
    "fields": {
        "username": "brendanjgreene@gmail.com",
        "first_name": "",
        "last_name": "",
        "is_active": true,
        "is_superuser": true,
        "is_staff": true,
        "last_login": "2017-04-22T17:46:20.747Z",
        "subscription_end": "2017-04-22T14:28:18.736Z",
        "groups": [],
        "user_permissions": [],
        "password": "pbkdf2_sha256$20000$Qv6YLkEsOoGz$paLPnSgkyFhGeaJ8jVJqYBNo8VkZP/Inqpqe1sTCgKw=",
        "stripe_id": "",
        "email": "brendanjgreene@gmail.com",
        "date_joined": "2017-04-22T14:28:18.736Z"
    },
    "model": "accounts.user",
    "pk": 1
},
{
    "fields": {
        "username": "medb@medb.ie",
        "first_name": "",
        "last_name": "",
        "is_active": true,
        "is_superuser": false,
        "is_staff": false,
        "last_login": "2017-04-22T14:48:39.918Z",
        "subscription_end": "2017-05-20T14:48:39.827Z",
        "groups": [],
        "user_permissions": [],
        "password": "pbkdf2_sha256$20000$fvrNCYDDGk83$JxsdOR0QTOpOssSylgTDr3pI1PwQrAOtaK0NqwUl2as=",
        "stripe_id": "cus_AWSSahhDvFtjkD",
        "email": "medb@medb.ie",
        "date_joined": "2017-04-22T14:48:37.745Z"
    },
    "model": "accounts.user",
    "pk": 2
},
{
    "fields": {
        "username": "grace@grace.ie",
        "first_name": "",
        "last_name": "",
        "is_active": true,
        "is_superuser": false,
        "is_staff": false,
        "last_login": "2017-04-22T14:49:28.251Z",
        "subscription_end": "2017-05-20T14:49:28.150Z",
        "groups": [],
        "user_permissions": [],
        "password": "pbkdf2_sha256$20000$KSoWxvEI57m5$/nRxrpsZ2MHyyyCu4ULKTKN0isIb/92vKyhN8xls3vo=",
        "stripe_id": "cus_AWSTanwjMKyAjF",
        "email": "grace@grace.ie",
        "date_joined": "2017-04-22T14:49:26.595Z"
    },
    "model": "accounts.user",
    "pk": 3
},
{
    "fields": {
        "username": "tess@tess.ie",
        "first_name": "",
        "last_name": "",
        "is_active": true,
        "is_superuser": false,
        "is_staff": false,
        "last_login": "2017-04-22T17:31:37.586Z",
        "subscription_end": "2017-05-20T14:50:14.340Z",
        "groups": [],
        "user_permissions": [],
        "password": "pbkdf2_sha256$20000$kHJStcsNcqGX$vNctIQzZDGGlRO3blWNvDRwG32j5Tp23NQDWYhhYsXA=",
        "stripe_id": "cus_AWSTyv2cCFbWqV",
        "email": "tess@tess.ie",
        "date_joined": "2017-04-22T14:50:08.441Z"
    },
    "model": "accounts.user",
    "pk": 4
},
{
    "fields": {
        "username": "caroline@caroline.ie",
        "first_name": "",
        "last_name": "",
        "is_active": true,
        "is_superuser": false,
        "is_staff": false,
        "last_login": "2017-04-22T14:51:12.691Z",
        "subscription_end": "2017-05-20T14:51:12.599Z",
        "groups": [],
        "user_permissions": [],
        "password": "pbkdf2_sha256$20000$1kg6NIDEg0oS$ygBnRSWhdiKEx0QSKVPVpPF3zrcK2MQkhmDKEisVSJc=",
        "stripe_id": "cus_AWSUb2IR7jFU7r",
        "email": "caroline@caroline.ie",
        "date_joined": "2017-04-22T14:51:10.828Z"
    },
    "model": "accounts.user",
    "pk": 5
},
{
    "fields": {
        "price": "666.00",
        "name": "Five Minutes Peace",
        "description": "How Much would you be willing to pay for just five minutes peace!!"
    },
    "model": "products.product",
    "pk": 1
},
{
    "fields": {
        "price": "9.99",
        "name": "NIKE DIAMOND ARM BAND FOR IPHONE 5",
        "description": "So you can take your music with you while you run! A great way to block out the world - The Nike Diamond Arm Band for iPhone 5s and iPhone 5 is a lightweight, secure custom design that lets you keep your iPhone handy while you exercise. It features double D-rings, fused construction, a clear window with touch-screen compatibility, and an easy-entry fold-over back pocket. And of course it's emblazoned with a high-contrast Nike Swoosh logo and perforated detailing. The water-resistant pocket fabrication protects your iPhone from moisture and breath ability channels help increase air flow to prevent any chance of overheating."
    },
    "model": "products.product",
    "pk": 2
},
{
    "fields": {
        "price": "71.39",
        "name": "INOV-8 MUDCLAW 300 FELL RUNNING SHOES - AW16",
        "description": "This legendary all terrain animal with its unique outsole will claw through any mud sodden, drenched terrain and with its quick release cleats, will come up begging for more. DWR coating repels mud and water from the upper and its 1st generation Meta- Shank\u2122 delivers flexible, protective proprioception. Choose this shoe for adventure racing and the toughest off trail events."
    },
    "model": "products.product",
    "pk": 3
},
{
    "fields": {
        "price": "39.99",
        "name": "Samson RTE 2 Bluetooth",
        "description": "Headphones - Technology -Blocking out the World - Running accessory- WHAT ELSE COULD YOU ASK FOR Samson RTE 2 bluetooth headphone - on-ear,  dynamic, foldable, 40 mm drivers, wireless via bluetooth 4.0, up to 10  hr running time, up to 10 m range, frequency response 20 - 20000 Hz, impedance 32 Ohms, sensitivity (@1kHz) 109 dB, remote control and mic on headphone, includes case, USB charging cable and 1,2 m audio cable, weight: 227 g"
    },
    "model": "products.product",
    "pk": 4
},
{
    "fields": {
        "price": "1.99",
        "name": "Chocolate Bar",
        "description": "YUMMY!"
    },
    "model": "products.product",
    "pk": 5
},
{
    "fields": {
        "price": "29.99",
        "name": "Wired",
        "description": "keeping yourself connected through technology means you don't have to talk directly to people"
    },
    "model": "magazines.magazine",
    "pk": 1
},
{
    "fields": {
        "price": "24.99",
        "name": "Outside Magazine",
        "description": "The further you get into the wilderness, the Less you have to deal with people!"
    },
    "model": "magazines.magazine",
    "pk": 2
},
{
    "fields": {
        "price": "14.67",
        "name": "How to Lose Friends & Alienate People",
        "description": "If you've got too many friends and cant take it anymore this is the publication for you!!"
    },
    "model": "magazines.magazine",
    "pk": 3
},
{
    "fields": {
        "price": "51.44",
        "name": "Uncut Magazine",
        "description": "For music and Movies which we prefer over people!"
    },
    "model": "magazines.magazine",
    "pk": 4
},
{
    "fields": {
        "magazine": 3,
        "user": [
            "brendanjgreene@gmail.com"
        ],
        "subscription_end": "2017-05-20T16:30:12.213Z"
    },
    "model": "magazines.purchase",
    "pk": 2
},
{
    "fields": {
        "magazine": 3,
        "user": [
            "brendanjgreene@gmail.com"
        ],
        "subscription_end": "2017-05-20T16:30:31.709Z"
    },
    "model": "magazines.purchase",
    "pk": 3
},
{
    "fields": {
        "magazine": 3,
        "user": [
            "brendanjgreene@gmail.com"
        ],
        "subscription_end": "2017-05-20T16:31:00.701Z"
    },
    "model": "magazines.purchase",
    "pk": 4
},
{
    "fields": {
        "magazine": 3,
        "user": [
            "brendanjgreene@gmail.com"
        ],
        "subscription_end": "2017-05-20T16:31:46.254Z"
    },
    "model": "magazines.purchase",
    "pk": 5
},
{
    "fields": {
        "magazine": 3,
        "user": [
            "brendanjgreene@gmail.com"
        ],
        "subscription_end": "2017-05-20T16:33:15.340Z"
    },
    "model": "magazines.purchase",
    "pk": 6
},
{
    "fields": {
        "magazine": 3,
        "user": [
            "brendanjgreene@gmail.com"
        ],
        "subscription_end": "2017-05-20T16:36:01.020Z"
    },
    "model": "magazines.purchase",
    "pk": 7
},
{
    "fields": {
        "magazine": 3,
        "user": [
            "brendanjgreene@gmail.com"
        ],
        "subscription_end": "2017-05-20T16:41:25.888Z"
    },
    "model": "magazines.purchase",
    "pk": 8
},
{
    "fields": {
        "magazine": 3,
        "user": [
            "brendanjgreene@gmail.com"
        ],
        "subscription_end": "2017-05-20T16:52:11.439Z"
    },
    "model": "magazines.purchase",
    "pk": 9
},
{
    "fields": {
        "magazine": 3,
        "user": [
            "brendanjgreene@gmail.com"
        ],
        "subscription_end": "2017-05-20T17:13:37.444Z"
    },
    "model": "magazines.purchase",
    "pk": 10
},
{
    "fields": {
        "name": "Self Obsession",
        "description": "<p><strong>What better way to be anti-social than talk about yourself!</strong></p>"
    },
    "model": "threads.subject",
    "pk": 1
},
{
    "fields": {
        "name": "Wine",
        "description": "<p>Forum for discussing wine and sharing tips, because sometimes after along hard day dealing with people there is no better way to deal with it! &nbsp;<span style=\"text-decoration: line-through;\">Besides you can Always Run it off tommorrow!!</span></p>"
    },
    "model": "threads.subject",
    "pk": 2
},
{
    "fields": {
        "name": "Technology",
        "description": "<p>This Forum is for discussing ways we can use technology to avoid people.&nbsp;</p>"
    },
    "model": "threads.subject",
    "pk": 3
},
{
    "fields": {
        "name": "Running",
        "description": "<p>This Thread is for discusing Running. Our favorite thing to do to avoid people in away that is good for you <span style=\"text-decoration: line-through;\">or away to earn your glass of wine</span></p>"
    },
    "model": "threads.subject",
    "pk": 4
},
{
    "fields": {
        "created_at": "2017-04-22T17:08:22.375Z",
        "subject": 3,
        "name": "Self Service Checkout",
        "user": [
            "brendanjgreene@gmail.com"
        ]
    },
    "model": "threads.thread",
    "pk": 1
},
{
    "fields": {
        "created_at": "2017-04-22T17:09:43.174Z",
        "subject": 3,
        "name": "Sometimes I just want to start a subject without a poll",
        "user": [
            "brendanjgreene@gmail.com"
        ]
    },
    "model": "threads.thread",
    "pk": 2
},
{
    "fields": {
        "created_at": "2017-04-22T17:12:03.563Z",
        "subject": 3,
        "name": "iPhone versus Android",
        "user": [
            "brendanjgreene@gmail.com"
        ]
    },
    "model": "threads.thread",
    "pk": 3
},
{
    "fields": {
        "created_at": "2017-04-22T17:14:00.357Z",
        "subject": 2,
        "name": "Red or White",
        "user": [
            "brendanjgreene@gmail.com"
        ]
    },
    "model": "threads.thread",
    "pk": 4
},
{
    "fields": {
        "created_at": "2017-04-22T17:19:24.895Z",
        "subject": 4,
        "name": "Running Shoes",
        "user": [
            "brendanjgreene@gmail.com"
        ]
    },
    "model": "threads.thread",
    "pk": 5
},
{
    "fields": {
        "created_at": "2017-04-22T17:21:35.981Z",
        "subject": 1,
        "name": "Am I Sexy?",
        "user": [
            "brendanjgreene@gmail.com"
        ]
    },
    "model": "threads.thread",
    "pk": 6
},
{
    "fields": {
        "comment": "<p>I Cant Stand Small Talk</p>",
        "created_at": "2017-04-22T17:08:22.375Z",
        "user": [
            "brendanjgreene@gmail.com"
        ],
        "thread": 1
    },
    "model": "threads.post",
    "pk": 1
},
{
    "fields": {
        "comment": "<p>Sometimes I just want to start a subject without a poll</p>",
        "created_at": "2017-04-22T17:09:43.175Z",
        "user": [
            "brendanjgreene@gmail.com"
        ],
        "thread": 2
    },
    "model": "threads.post",
    "pk": 2
},
{
    "fields": {
        "comment": "<p style=\"text-align: center;\">iPhone or Android</p>",
        "created_at": "2017-04-22T17:12:03.564Z",
        "user": [
            "brendanjgreene@gmail.com"
        ],
        "thread": 3
    },
    "model": "threads.post",
    "pk": 3
},
{
    "fields": {
        "comment": "<p>What type of wine do you like after a long hard day of avoiding people</p>",
        "created_at": "2017-04-22T17:14:00.358Z",
        "user": [
            "brendanjgreene@gmail.com"
        ],
        "thread": 4
    },
    "model": "threads.post",
    "pk": 4
},
{
    "fields": {
        "comment": "<p>Personally I am a big believer in the Chi-Running method so naturally i am a fan of minimalist shoesbut I am curious about &nbsp;what everyone else likes.</p>",
        "created_at": "2017-04-22T17:19:24.895Z",
        "user": [
            "brendanjgreene@gmail.com"
        ],
        "thread": 5
    },
    "model": "threads.post",
    "pk": 5
},
{
    "fields": {
        "comment": "<p>What better way to loose friends and alienate people then by asking them if you are sexy.</p>",
        "created_at": "2017-04-22T17:21:35.982Z",
        "user": [
            "brendanjgreene@gmail.com"
        ],
        "thread": 6
    },
    "model": "threads.post",
    "pk": 6
},
{
    "fields": {
        "question": "Do you use Self Checkout at the Grocery Store to avoid small talk",
        "thread": 1
    },
    "model": "polls.poll",
    "pk": 1
},
{
    "fields": {
        "question": "Iphone or Android",
        "thread": 3
    },
    "model": "polls.poll",
    "pk": 2
},
{
    "fields": {
        "question": "What is your Favorite Wine Colour",
        "thread": 4
    },
    "model": "polls.poll",
    "pk": 3
},
{
    "fields": {
        "question": "What is your favorite type of running shoe",
        "thread": 5
    },
    "model": "polls.poll",
    "pk": 4
},
{
    "fields": {
        "question": "Am I Sexy",
        "thread": 6
    },
    "model": "polls.poll",
    "pk": 5
},
{
    "fields": {
        "poll": 1,
        "name": "Yes"
    },
    "model": "polls.pollsubject",
    "pk": 1
},
{
    "fields": {
        "poll": 1,
        "name": "No"
    },
    "model": "polls.pollsubject",
    "pk": 2
},
{
    "fields": {
        "poll": 1,
        "name": "Sometimes"
    },
    "model": "polls.pollsubject",
    "pk": 3
},
{
    "fields": {
        "poll": 2,
        "name": "iPhone"
    },
    "model": "polls.pollsubject",
    "pk": 4
},
{
    "fields": {
        "poll": 2,
        "name": "Android"
    },
    "model": "polls.pollsubject",
    "pk": 5
},
{
    "fields": {
        "poll": 2,
        "name": "Neither I don't want anyone to be able to call me"
    },
    "model": "polls.pollsubject",
    "pk": 6
},
{
    "fields": {
        "poll": 3,
        "name": "Red"
    },
    "model": "polls.pollsubject",
    "pk": 7
},
{
    "fields": {
        "poll": 3,
        "name": "White "
    },
    "model": "polls.pollsubject",
    "pk": 8
},
{
    "fields": {
        "poll": 3,
        "name": "Ros\u00e9 (you must be crazy)"
    },
    "model": "polls.pollsubject",
    "pk": 9
},
{
    "fields": {
        "poll": 4,
        "name": "Minimalist"
    },
    "model": "polls.pollsubject",
    "pk": 10
},
{
    "fields": {
        "poll": 4,
        "name": "Cuhioned"
    },
    "model": "polls.pollsubject",
    "pk": 11
},
{
    "fields": {
        "poll": 4,
        "name": "Stabilizing"
    },
    "model": "polls.pollsubject",
    "pk": 12
},
{
    "fields": {
        "poll": 5,
        "name": "Yes"
    },
    "model": "polls.pollsubject",
    "pk": 13
},
{
    "fields": {
        "poll": 5,
        "name": "No"
    },
    "model": "polls.pollsubject",
    "pk": 14
},
{
    "fields": {
        "poll": 5,
        "name": "Maybe"
    },
    "model": "polls.pollsubject",
    "pk": 15
},
{
    "fields": {
        "poll": 5,
        "user": [
            "brendanjgreene@gmail.com"
        ],
        "subject": 13
    },
    "model": "polls.vote",
    "pk": 1
},
{
    "fields": {
        "author": [
            "brendanjgreene@gmail.com"
        ],
        "title": "Bob Marley - Running Away",
        "image": "",
        "views": 19,
        "content": "The lyrics to my favorite song\r\n\"Running Away\"\r\n\r\nYa running and ya running\r\n\r\nAnd ya running away.\r\n\r\nYa running and ya running\r\nAnd ya running away.\r\nYa running and ya running\r\nAnd ya running away.\r\nYa running and ya running,\r\nBut ya can't run away from yourself\r\nCan't run away from yourself -\r\nCan't run away from yourself -\r\nCan't run away from yourself -\r\nCan't run away from yourself -\r\nCan't run away from yourself.\r\n\r\nYa must have done (must have done),\r\nSomet'in' wrong (something wrong).\r\nSaid: ya must have done (must have done),\r\nWo! Somet'in' wrong (something wrong).\r\nWhy you can't find the\r\nPlace where you belong?\r\nDo-do-do-do-do-do-do-do-do (running away);\r\nDo-do-do-do-do-do-do-do-do (running away);\r\nDo-do-do-do-do-do-do-do-do (running away);\r\nDo-do-do-do-do-do-do-do-do (running away);\r\nDo-do-do-do-do-do-do-do-do (running away).\r\n\r\nEvery man thinketh his\r\nBurden is the heaviest (heaviest).\r\nEvery man thinketh his\r\nBurden is the heaviest (heaviest).\r\nYa still mean it: Who feels it knows it, Lord;\r\nWho feels it knows it, Lord;\r\nWho feels it knows it, Lord;\r\nWho feels it knows it, Lord.\r\n\r\nYa running and ya running\r\nAnd ya running away.\r\nYa running and ya running\r\nAnd ya running away.\r\nYa running and ya running\r\nAnd ya running away.\r\nYa running and ya running\r\nBut ya can't run away from yourself.\r\nCould ya run away from yourself?\r\nCan you run away from yourself?\r\nCan't run away from yourself!\r\nCan't run away from yourself!\r\nYeah-eah-eah-eah - from yourself.\r\n\r\nBrr - you must have done somet'in' -\r\nSomet'in' - somet'in' - somet'in' -\r\nSomet'in' ya don't want nobody to know about:\r\nYa must have, Lord - somet'in' wrong,\r\nWhat ya must have done - ya must have done somet'in' wrong.\r\nWhy you can't find where you belong?\r\n\r\nWell, well, well, well, ya running away, heh, no -\r\nYa running away, ooh, no, no, no,\r\nI'm not (running away), no, don't say that - don't say that,\r\n'Cause (running away) I'm not running away, ooh! (running away)\r\nI've got to protect my life, (running away)\r\nAnd I don't want to live with no strife. (running away)\r\nIt is better to live on the housetop (running away)\r\nThan to live in a house full of confusion. (running away)\r\nSo, I made my decision and I left ya; (running away)\r\nNow you comin' to tell me (running away)\r\nThat I'm runnin' away. (running away)\r\nBut it's not true, (running away)\r\nI am not runnin' away. (running away) [fadeout]",
        "tag": "Music",
        "published_date": "2017-04-16T15:14:18Z",
        "created_date": "2017-04-13T18:23:12Z"
    },
    "model": "my_blog.post",
    "pk": 1
},
{
    "fields": {
        "author": [
            "caroline@caroline.ie"
        ],
        "title": "The Power of Introverts",
        "image": "",
        "views": 9,
        "content": "For those of us who identify as introverts, I recommend Quiet: The Power of Introverts in a World that Can\u2019t Stop Talking by Susan Cain (2013)\r\n\r\nThe introvert/extrovert divide is the most basic dimension of human personality. \r\n\r\n\r\nIn Quiet, Susan Cain shows how the brain chemistry of introverts and extroverts differs, and how society misunderstands and undervalues introverts. She gives introverts the tools to better understand themselves and take full advantage of their strengths.\r\n\r\n\r\nPreviously a corporate lawyer, Susan Cain is the owner of The Negotiation Company, a firm that trains people in negotiation and communication skills. Her clients include Merrill Lynch, Standard & Poor and the University of Chicago Business School.\r\n\r\nCheckout \r\n\r\nhttp://www.ThePowerOfIntroverts.com\r\n\r\nhttp://www.quietrev.com/",
        "tag": "recomendations",
        "published_date": "2017-04-17T00:00:00Z",
        "created_date": "2017-04-13T15:14:37Z"
    },
    "model": "my_blog.post",
    "pk": 2
},
{
    "fields": {
        "author": [
            "brendanjgreene@gmail.com"
        ],
        "title": "My Handsome face",
        "image": "images/Photo_on_03-06-2016_at_14.32.jpg",
        "views": 31,
        "content": "My Handsome face. Behold it's glory!My Handsome face. Behold it's glory!My Handsome face. Behold it's glory!My Handsome face. Behold it's glory!My Handsome face. Behold it's glory!My Handsome face. Behold it's glory!My Handsome face. Behold it's glory!My Handsome face. Behold it's glory!My Handsome face. Behold it's glory!My Handsome face. Behold it's glory!My Handsome face. Behold it's glory!My Handsome face. Behold it's glory!My Handsome face. Behold it's glory!My Handsome face. Behold it's glory!My Handsome face. Behold it's glory!My Handsome face. Behold it's glory!My Handsome face. Behold it's glory!My Handsome face. Behold it's glory!My Handsome face. Behold it's glory!My Handsome face. Behold it's glory!My Handsome face. Behold it's glory!My Handsome face. Behold it's glory!My Handsome face. Behold it's glory!My Handsome face. Behold it's glory!My Handsome face. Behold it's glory!My Handsome face. Behold it's glory!My Handsome face. Behold it's glory!My Handsome face. Behold it's glory!My Handsome face. Behold it's glory!My Handsome face. Behold it's glory!My Handsome face. Behold it's glory!My Handsome face. Behold it's glory!",
        "tag": "photo",
        "published_date": "2017-04-07T06:00:00Z",
        "created_date": "2017-04-03T17:18:05Z"
    },
    "model": "my_blog.post",
    "pk": 3
},
{
    "fields": {
        "author": [
            "tess@tess.ie"
        ],
        "title": "I use self checkout all the time just to not have to make small talk!",
        "image": "",
        "views": 24,
        "content": "This is a blog I copied to make my point !\r\n\r\nAndrew Herzog, host of \u201cBonfire\u201d on TheBlaze Radio Network, shares his take on self-checkout lanes and the rise of automation:\r\n\r\nOn my latest episode of \u201cBonfire,\u201d I ranted about self-checkout lanes.\r\n\r\nLet me explain.\r\n\r\nThe local grocery store by my house decided it would be a good idea to remove their self-checkout lanes and install the typical express lanes. I\u2019m not sure why they decided to do this since they already had express lanes. I am a fan of self-checkout because it\u2019s quicker and more efficient. For some reason though, most people still elect to go through the express lanes, which was always good news for me since I\u2019d be in and out of the grocery store within ten minutes. Unfortunately, this particular grocery store removed self-checkout and is now forcing me to wait in line, waste more of my time, and then pay them for it!\r\n\r\nObviously two more cashiers are needed on hand now to handle these new express lanes, and that costs money. Is the grocery store going to eat that expense? No, they will eventually pass the price onto people like me through their products. For some inexplicable reason, I am now giving more of my time and money for the same result of a checkout. That\u2019s ridiculous and completely economically inefficient.\r\n\r\n\r\nThe takeaway here? You can\u2019t stop technology. When the banks replace human tellers with kiosks, and when fast food replaces cashiers with touch screens, and when grocery stores replace their employees with self-checkout lanes, money and time are saved for everyone! No more training employees to take orders and push buttons. No more time wasted on my end explaining something to a cashier or waiting in line with fifteen other people to buy a gallon of milk. This is the capitalist way: making something better and more efficient for everyone.\r\n\r\nI\u2019m not being cold here. I don\u2019t revel in lost jobs, but I don\u2019t believe in keeping them for the sake of keeping them either. Employment is not the most critical aspect of an economy; after all, we could just employ half the country to dig holes and the other half of the country to fill them back in. Everyone would be employed but nothing of value would be created. A more important aspect of a healthy economy is increased efficiency and innovation. VHS tapes and typewriters are gone (along with everyone responsible for making them and maintaining them). But now we have streaming entertainment and smartphones more powerful than computers from the 1990s. That\u2019s what I\u2019m talking about!\r\n\r\nYou cannot stop technology, nor should you try.\r\n\r\nPut the self-checkout lanes back or I will find another grocery store that understands basic economics.",
        "tag": "avoiding people",
        "published_date": "2017-04-12T00:00:00Z",
        "created_date": "2017-04-11T15:24:49Z"
    },
    "model": "my_blog.post",
    "pk": 4
},
{
    "fields": {
        "author": [
            "grace@grace.ie"
        ],
        "title": "X-Box",
        "image": "images/IMG_8572_nZLg1Se.PNG",
        "views": 35,
        "content": "I use the x-box to escape from the world I get to blow up Storm Troopers and if i wear headphones I can't hear my mom giving out to me!!",
        "tag": "Games",
        "published_date": "2017-04-07T00:00:00Z",
        "created_date": "2017-04-06T15:26:29Z"
    },
    "model": "my_blog.post",
    "pk": 5
},
{
    "fields": {
        "author": [
            "medb@medb.ie"
        ],
        "title": "This is me deal with it",
        "image": "images/IMG_0143.jpg",
        "views": 7,
        "content": "This is me deal with it This is me deal with it",
        "tag": "selfie",
        "published_date": "2017-04-04T12:00:00Z",
        "created_date": "2017-04-03T15:33:47Z"
    },
    "model": "my_blog.post",
    "pk": 6
},
{
    "fields": {
        "action_flag": 1,
        "action_time": "2017-04-22T15:04:07.095Z",
        "object_repr": "Wired",
        "object_id": "1",
        "change_message": "",
        "user": [
            "brendanjgreene@gmail.com"
        ],
        "content_type": [
            "magazines",
            "magazine"
        ]
    },
    "model": "admin.logentry",
    "pk": 1
},
{
    "fields": {
        "action_flag": 1,
        "action_time": "2017-04-22T15:04:38.494Z",
        "object_repr": "Outside Magazine",
        "object_id": "2",
        "change_message": "",
        "user": [
            "brendanjgreene@gmail.com"
        ],
        "content_type": [
            "magazines",
            "magazine"
        ]
    },
    "model": "admin.logentry",
    "pk": 2
},
{
    "fields": {
        "action_flag": 1,
        "action_time": "2017-04-22T15:05:00.074Z",
        "object_repr": "How to Lose Friends & Alienate People",
        "object_id": "3",
        "change_message": "",
        "user": [
            "brendanjgreene@gmail.com"
        ],
        "content_type": [
            "magazines",
            "magazine"
        ]
    },
    "model": "admin.logentry",
    "pk": 3
},
{
    "fields": {
        "action_flag": 1,
        "action_time": "2017-04-22T15:05:41.807Z",
        "object_repr": "Uncut Magazine",
        "object_id": "4",
        "change_message": "",
        "user": [
            "brendanjgreene@gmail.com"
        ],
        "content_type": [
            "magazines",
            "magazine"
        ]
    },
    "model": "admin.logentry",
    "pk": 4
},
{
    "fields": {
        "action_flag": 2,
        "action_time": "2017-04-22T15:05:45.202Z",
        "object_repr": "Uncut Magazine",
        "object_id": "4",
        "change_message": "No fields changed.",
        "user": [
            "brendanjgreene@gmail.com"
        ],
        "content_type": [
            "magazines",
            "magazine"
        ]
    },
    "model": "admin.logentry",
    "pk": 5
},
{
    "fields": {
        "action_flag": 1,
        "action_time": "2017-04-22T15:07:59.006Z",
        "object_repr": "Five Minutes Peace",
        "object_id": "1",
        "change_message": "",
        "user": [
            "brendanjgreene@gmail.com"
        ],
        "content_type": [
            "products",
            "product"
        ]
    },
    "model": "admin.logentry",
    "pk": 6
},
{
    "fields": {
        "action_flag": 2,
        "action_time": "2017-04-22T15:08:04.347Z",
        "object_repr": "Five Minutes Peace",
        "object_id": "1",
        "change_message": "No fields changed.",
        "user": [
            "brendanjgreene@gmail.com"
        ],
        "content_type": [
            "products",
            "product"
        ]
    },
    "model": "admin.logentry",
    "pk": 7
},
{
    "fields": {
        "action_flag": 1,
        "action_time": "2017-04-22T15:08:31.713Z",
        "object_repr": "NIKE DIAMOND ARM BAND FOR IPHONE 5",
        "object_id": "2",
        "change_message": "",
        "user": [
            "brendanjgreene@gmail.com"
        ],
        "content_type": [
            "products",
            "product"
        ]
    },
    "model": "admin.logentry",
    "pk": 8
},
{
    "fields": {
        "action_flag": 1,
        "action_time": "2017-04-22T15:09:02.895Z",
        "object_repr": "INOV-8 MUDCLAW 300 FELL RUNNING SHOES - AW16",
        "object_id": "3",
        "change_message": "",
        "user": [
            "brendanjgreene@gmail.com"
        ],
        "content_type": [
            "products",
            "product"
        ]
    },
    "model": "admin.logentry",
    "pk": 9
},
{
    "fields": {
        "action_flag": 1,
        "action_time": "2017-04-22T15:09:26.656Z",
        "object_repr": "Samson RTE 2 Bluetooth",
        "object_id": "4",
        "change_message": "",
        "user": [
            "brendanjgreene@gmail.com"
        ],
        "content_type": [
            "products",
            "product"
        ]
    },
    "model": "admin.logentry",
    "pk": 10
},
{
    "fields": {
        "action_flag": 1,
        "action_time": "2017-04-22T15:10:11.716Z",
        "object_repr": "Chocolate Bar",
        "object_id": "5",
        "change_message": "",
        "user": [
            "brendanjgreene@gmail.com"
        ],
        "content_type": [
            "products",
            "product"
        ]
    },
    "model": "admin.logentry",
    "pk": 11
},
{
    "fields": {
        "action_flag": 1,
        "action_time": "2017-04-22T15:14:36.910Z",
        "object_repr": "Bob Marley - Running Away",
        "object_id": "1",
        "change_message": "",
        "user": [
            "brendanjgreene@gmail.com"
        ],
        "content_type": [
            "my_blog",
            "post"
        ]
    },
    "model": "admin.logentry",
    "pk": 12
},
{
    "fields": {
        "action_flag": 1,
        "action_time": "2017-04-22T15:18:05.247Z",
        "object_repr": "The Power of Introverts",
        "object_id": "2",
        "change_message": "",
        "user": [
            "brendanjgreene@gmail.com"
        ],
        "content_type": [
            "my_blog",
            "post"
        ]
    },
    "model": "admin.logentry",
    "pk": 13
},
{
    "fields": {
        "action_flag": 1,
        "action_time": "2017-04-22T15:21:17.783Z",
        "object_repr": "My Handsome face",
        "object_id": "3",
        "change_message": "",
        "user": [
            "brendanjgreene@gmail.com"
        ],
        "content_type": [
            "my_blog",
            "post"
        ]
    },
    "model": "admin.logentry",
    "pk": 14
},
{
    "fields": {
        "action_flag": 1,
        "action_time": "2017-04-22T15:26:28.940Z",
        "object_repr": "I use self checkout all the time just to not have to make small talk!",
        "object_id": "4",
        "change_message": "",
        "user": [
            "brendanjgreene@gmail.com"
        ],
        "content_type": [
            "my_blog",
            "post"
        ]
    },
    "model": "admin.logentry",
    "pk": 15
},
{
    "fields": {
        "action_flag": 1,
        "action_time": "2017-04-22T15:29:04.759Z",
        "object_repr": "X-Box",
        "object_id": "5",
        "change_message": "",
        "user": [
            "brendanjgreene@gmail.com"
        ],
        "content_type": [
            "my_blog",
            "post"
        ]
    },
    "model": "admin.logentry",
    "pk": 16
},
{
    "fields": {
        "action_flag": 1,
        "action_time": "2017-04-22T15:37:58.146Z",
        "object_repr": "This is me deal with it",
        "object_id": "6",
        "change_message": "",
        "user": [
            "brendanjgreene@gmail.com"
        ],
        "content_type": [
            "my_blog",
            "post"
        ]
    },
    "model": "admin.logentry",
    "pk": 17
},
{
    "fields": {
        "action_flag": 1,
        "action_time": "2017-04-22T15:45:12.815Z",
        "object_repr": "localhost",
        "object_id": "3",
        "change_message": "",
        "user": [
            "brendanjgreene@gmail.com"
        ],
        "content_type": [
            "sites",
            "site"
        ]
    },
    "model": "admin.logentry",
    "pk": 18
},
{
    "fields": {
        "action_flag": 1,
        "action_time": "2017-04-22T15:50:59.536Z",
        "object_repr": "/pages/flat/ -- How to make a flat page",
        "object_id": "1",
        "change_message": "",
        "user": [
            "brendanjgreene@gmail.com"
        ],
        "content_type": [
            "flatpages",
            "flatpage"
        ]
    },
    "model": "admin.logentry",
    "pk": 19
},
{
    "fields": {
        "action_flag": 2,
        "action_time": "2017-04-22T15:54:08.609Z",
        "object_repr": "/pages/flat/ -- How to make a flat page",
        "object_id": "1",
        "change_message": "Changed content.",
        "user": [
            "brendanjgreene@gmail.com"
        ],
        "content_type": [
            "flatpages",
            "flatpage"
        ]
    },
    "model": "admin.logentry",
    "pk": 20
},
{
    "fields": {
        "action_flag": 1,
        "action_time": "2017-04-22T15:57:19.461Z",
        "object_repr": "Self Obsession",
        "object_id": "1",
        "change_message": "",
        "user": [
            "brendanjgreene@gmail.com"
        ],
        "content_type": [
            "threads",
            "subject"
        ]
    },
    "model": "admin.logentry",
    "pk": 21
},
{
    "fields": {
        "action_flag": 1,
        "action_time": "2017-04-22T15:58:27.034Z",
        "object_repr": "Wine",
        "object_id": "2",
        "change_message": "",
        "user": [
            "brendanjgreene@gmail.com"
        ],
        "content_type": [
            "threads",
            "subject"
        ]
    },
    "model": "admin.logentry",
    "pk": 22
},
{
    "fields": {
        "action_flag": 1,
        "action_time": "2017-04-22T15:58:58.032Z",
        "object_repr": "Technology",
        "object_id": "3",
        "change_message": "",
        "user": [
            "brendanjgreene@gmail.com"
        ],
        "content_type": [
            "threads",
            "subject"
        ]
    },
    "model": "admin.logentry",
    "pk": 23
},
{
    "fields": {
        "action_flag": 1,
        "action_time": "2017-04-22T16:00:09.276Z",
        "object_repr": "Running",
        "object_id": "4",
        "change_message": "",
        "user": [
            "brendanjgreene@gmail.com"
        ],
        "content_type": [
            "threads",
            "subject"
        ]
    },
    "model": "admin.logentry",
    "pk": 24
},
{
    "fields": {
        "action_flag": 3,
        "action_time": "2017-04-22T16:32:09.750Z",
        "object_repr": "Purchase object",
        "object_id": "1",
        "change_message": "",
        "user": [
            "brendanjgreene@gmail.com"
        ],
        "content_type": [
            "magazines",
            "purchase"
        ]
    },
    "model": "admin.logentry",
    "pk": 25
}
]
