[
{
    "model": "sessions.session",
    "pk": "7gjdz8ivppdwwxv7gd4roxjapyi7y3zl",
    "fields": {
        "session_data": "NzM3NjFjNTJkZThhZmVjMTZkYWFjYzAzZjFjZWQ2ZGVmMTQ3ZmUxMzp7Il9hdXRoX3VzZXJfaGFzaCI6IjRhMzRlMjc1NDRmMDA1OTI3OTQ0M2JiNWZiZTY0MmIyY2FhN2Y2N2QiLCJfYXV0aF91c2VyX2JhY2tlbmQiOiJhY2NvdW50cy5iYWNrZW5kcy5FbWFpbEF1dGgiLCJfYXV0aF91c2VyX2lkIjoiMSJ9",
        "expire_date": "2017-04-17T19:15:24.333Z"
    }
},
{
    "model": "sessions.session",
    "pk": "9rcgu4whh3zy2oti0wa5prmk9ug8q3a3",
    "fields": {
        "session_data": "NzM3NjFjNTJkZThhZmVjMTZkYWFjYzAzZjFjZWQ2ZGVmMTQ3ZmUxMzp7Il9hdXRoX3VzZXJfaGFzaCI6IjRhMzRlMjc1NDRmMDA1OTI3OTQ0M2JiNWZiZTY0MmIyY2FhN2Y2N2QiLCJfYXV0aF91c2VyX2JhY2tlbmQiOiJhY2NvdW50cy5iYWNrZW5kcy5FbWFpbEF1dGgiLCJfYXV0aF91c2VyX2lkIjoiMSJ9",
        "expire_date": "2017-04-30T10:21:47.361Z"
    }
},
{
    "model": "sessions.session",
    "pk": "f0g6jxttuo1rdx00lt59q8wofist8ys1",
    "fields": {
        "session_data": "ZmYwOWNhMDJjNDNjZDY1ZTEzOTExYTViN2UyYjIxMTEwMDg4OWVhZjp7Il9hdXRoX3VzZXJfaGFzaCI6IjJmYzI0ZTE5M2FlM2U1ODI1Y2UyZWQ5Nzk0OGE0NTYwYjg2MzM3ZGMiLCJfYXV0aF91c2VyX2JhY2tlbmQiOiJhY2NvdW50cy5iYWNrZW5kcy5FbWFpbEF1dGgiLCJfYXV0aF91c2VyX2lkIjoiMiJ9",
        "expire_date": "2017-04-17T01:45:04.327Z"
    }
},
{
    "model": "sessions.session",
    "pk": "f0l3vwypvalwp1ymyszn8fccmadqvwy5",
    "fields": {
        "session_data": "NzM3NjFjNTJkZThhZmVjMTZkYWFjYzAzZjFjZWQ2ZGVmMTQ3ZmUxMzp7Il9hdXRoX3VzZXJfaGFzaCI6IjRhMzRlMjc1NDRmMDA1OTI3OTQ0M2JiNWZiZTY0MmIyY2FhN2Y2N2QiLCJfYXV0aF91c2VyX2JhY2tlbmQiOiJhY2NvdW50cy5iYWNrZW5kcy5FbWFpbEF1dGgiLCJfYXV0aF91c2VyX2lkIjoiMSJ9",
        "expire_date": "2017-05-03T15:48:15.598Z"
    }
},
{
    "model": "sessions.session",
    "pk": "fln9iizhk0s1ulvnrnk002lez4cxjeor",
    "fields": {
        "session_data": "NzM3NjFjNTJkZThhZmVjMTZkYWFjYzAzZjFjZWQ2ZGVmMTQ3ZmUxMzp7Il9hdXRoX3VzZXJfaGFzaCI6IjRhMzRlMjc1NDRmMDA1OTI3OTQ0M2JiNWZiZTY0MmIyY2FhN2Y2N2QiLCJfYXV0aF91c2VyX2JhY2tlbmQiOiJhY2NvdW50cy5iYWNrZW5kcy5FbWFpbEF1dGgiLCJfYXV0aF91c2VyX2lkIjoiMSJ9",
        "expire_date": "2017-04-27T16:24:11.292Z"
    }
},
{
    "model": "sessions.session",
    "pk": "kqfgw05wzamx3fc0gpogktkasr2jken4",
    "fields": {
        "session_data": "NzM3NjFjNTJkZThhZmVjMTZkYWFjYzAzZjFjZWQ2ZGVmMTQ3ZmUxMzp7Il9hdXRoX3VzZXJfaGFzaCI6IjRhMzRlMjc1NDRmMDA1OTI3OTQ0M2JiNWZiZTY0MmIyY2FhN2Y2N2QiLCJfYXV0aF91c2VyX2JhY2tlbmQiOiJhY2NvdW50cy5iYWNrZW5kcy5FbWFpbEF1dGgiLCJfYXV0aF91c2VyX2lkIjoiMSJ9",
        "expire_date": "2017-04-27T10:42:15.839Z"
    }
},
{
    "model": "sessions.session",
    "pk": "mm93y8dz6khtl44bxtqkkfdaozld2c62",
    "fields": {
        "session_data": "NzM3NjFjNTJkZThhZmVjMTZkYWFjYzAzZjFjZWQ2ZGVmMTQ3ZmUxMzp7Il9hdXRoX3VzZXJfaGFzaCI6IjRhMzRlMjc1NDRmMDA1OTI3OTQ0M2JiNWZiZTY0MmIyY2FhN2Y2N2QiLCJfYXV0aF91c2VyX2JhY2tlbmQiOiJhY2NvdW50cy5iYWNrZW5kcy5FbWFpbEF1dGgiLCJfYXV0aF91c2VyX2lkIjoiMSJ9",
        "expire_date": "2017-04-17T03:16:21.068Z"
    }
},
{
    "model": "sessions.session",
    "pk": "n20vb0utp05h5e3xw5g7wbbxfbzsq8pu",
    "fields": {
        "session_data": "NzM3NjFjNTJkZThhZmVjMTZkYWFjYzAzZjFjZWQ2ZGVmMTQ3ZmUxMzp7Il9hdXRoX3VzZXJfaGFzaCI6IjRhMzRlMjc1NDRmMDA1OTI3OTQ0M2JiNWZiZTY0MmIyY2FhN2Y2N2QiLCJfYXV0aF91c2VyX2JhY2tlbmQiOiJhY2NvdW50cy5iYWNrZW5kcy5FbWFpbEF1dGgiLCJfYXV0aF91c2VyX2lkIjoiMSJ9",
        "expire_date": "2017-04-20T12:19:12.968Z"
    }
},
{
    "model": "sites.site",
    "pk": 2,
    "fields": {
        "domain": "example.com",
        "name": "example.com"
    }
},
{
    "model": "sites.site",
    "pk": 3,
    "fields": {
        "domain": "localhost",
        "name": "localhost"
    }
},
{
    "model": "flatpages.flatpage",
    "pk": 1,
    "fields": {
        "url": "/pages/about/",
        "title": "About This Website",
        "content": "For too many online companies the About Us page is the elephant in the room, and often the most awkward thing to write. It's a shame because analytics often shows the page as one of the most frequented on any website. Imagine a ceremonial elephant adorned in his embellished head plate, raising you above your competitors. This could be your About Us page if you show it the care and attention it deserves.",
        "enable_comments": false,
        "template_name": "",
        "registration_required": false,
        "sites": [
            [
                "example.com"
            ],
            [
                "localhost"
            ]
        ]
    }
},
{
    "model": "flatpages.flatpage",
    "pk": 2,
    "fields": {
        "url": "/pages/contact/",
        "title": "Contact Page",
        "content": "At times, there\u2019s not really a lot of information necessary to put on a contact page. Some businesses are web-based and don\u2019t have a bricks and mortar or a telephone number to call. It can get real boring, real quick, but Noeraujo pulled off the ability to make a content-light contact page just as beautiful as the rest of them. At times, there\u2019s not really a lot of information necessary to put on a contact page. Some businesses are web-based and don\u2019t have a bricks and mortar or a telephone number to call. It can get real boring, real quick, but Noeraujo pulled off the ability to make a content-light contact page just as beautiful as the rest of them.\r\n<br>\r\n<br>\r\n<a href=\"/contact-form\" class=\"btn btn-primary btn-large\">Fill Out a Contact Form</a>",
        "enable_comments": false,
        "template_name": "",
        "registration_required": false,
        "sites": [
            [
                "example.com"
            ],
            [
                "localhost"
            ]
        ]
    }
},
{
    "model": "accounts.user",
    "pk": 1,
    "fields": {
        "password": "pbkdf2_sha256$30000$2OdZgOJSFeN8$XJ0ofM+LyH8QeaNCdmuwEsr95Zi5Y4jAJr2Ox/gA3hA=",
        "last_login": "2017-04-19T15:48:15.572Z",
        "is_superuser": true,
        "username": "brendanjgreene@gmail.com",
        "first_name": "Brendan",
        "last_name": "Greene",
        "email": "brendanjgreene@gmail.com",
        "is_staff": true,
        "is_active": true,
        "date_joined": "2017-04-03T00:21:08.347Z",
        "stripe_id": "",
        "subscription_end": "2017-04-03T02:15:11.338Z",
        "groups": [],
        "user_permissions": []
    }
},
{
    "model": "accounts.user",
    "pk": 2,
    "fields": {
        "password": "pbkdf2_sha256$30000$5cmSvlw3lXdZ$awIYy+83vCNCwbK6WTLDlkWCJ6KErmhKQ0XOj2dS1mI=",
        "last_login": "2017-04-19T09:01:26.145Z",
        "is_superuser": false,
        "username": "grace@grace.ie",
        "first_name": "Grace",
        "last_name": "Greene",
        "email": "grace@grace.ie",
        "is_staff": false,
        "is_active": true,
        "date_joined": "2017-04-03T01:45:01.932Z",
        "stripe_id": "tok_1A4KEoGnccBnhKiGS0MA0mF5",
        "subscription_end": "2017-05-03T02:15:11.338Z",
        "groups": [],
        "user_permissions": []
    }
},
{
    "model": "accounts.user",
    "pk": 3,
    "fields": {
        "password": "pbkdf2_sha256$30000$5xG6D4L75Wy5$NELMoBan32QxZTzOj5+iGlizHsVruJOy2Hww1IIKdYs=",
        "last_login": "2017-04-19T11:05:13.023Z",
        "is_superuser": false,
        "username": "tess@tess.ie",
        "first_name": "Tess",
        "last_name": "Greene",
        "email": "tess@tess.ie",
        "is_staff": false,
        "is_active": true,
        "date_joined": "2017-04-03T02:16:16.805Z",
        "stripe_id": "cus_AP91UsfRUB1Hgc",
        "subscription_end": "2017-05-01T02:16:19.475Z",
        "groups": [],
        "user_permissions": []
    }
},
{
    "model": "accounts.user",
    "pk": 4,
    "fields": {
        "password": "pbkdf2_sha256$30000$5xG6D4L75Wy5$NELMoBan32QxZTzOj5+iGlizHsVruJOy2Hww1IIKdYs=",
        "last_login": "2017-04-19T10:55:26.775Z",
        "is_superuser": false,
        "username": "medb@medb.ie",
        "first_name": "Medb",
        "last_name": "Greene",
        "email": "medb@medb.ie",
        "is_staff": false,
        "is_active": true,
        "date_joined": "2017-04-19T11:42:19Z",
        "stripe_id": "cus_AVFPuHH01muX7O",
        "subscription_end": "2017-05-19T11:42:19Z",
        "groups": [],
        "user_permissions": []
    }
},
{
    "model": "accounts.user",
    "pk": 5,
    "fields": {
        "password": "pbkdf2_sha256$30000$2OdZgOJSFeN8$XJ0ofM+LyH8QeaNCdmuwEsr95Zi5Y4jAJr2Ox/gA3hA=",
        "last_login": "2017-04-19T11:04:00.777Z",
        "is_superuser": false,
        "username": "caroline@caroline.ie",
        "first_name": "Caroline",
        "last_name": "Greene",
        "email": "caroline@caroline.ie",
        "is_staff": true,
        "is_active": true,
        "date_joined": "2017-04-19T10:58:03Z",
        "stripe_id": "null",
        "subscription_end": "2017-04-19T10:58:03Z",
        "groups": [],
        "user_permissions": []
    }
},
{
    "model": "products.product",
    "pk": 1,
    "fields": {
        "name": "Chocolate Bars",
        "description": "YUM",
        "price": "1.99"
    }
},
{
    "model": "products.product",
    "pk": 2,
    "fields": {
        "name": "Samson RTE 2 Bluetooth",
        "description": "Headphones - Technology -Blocking out the World - Running accessory- WHAT ELSE COULD YOU ASK FOR Samson RTE 2 bluetooth headphone - on-ear,  dynamic, foldable, 40 mm drivers, wireless via bluetooth 4.0, up to 10  hr running time, up to 10 m range, frequency response 20 - 20000 Hz, impedance 32 Ohms, sensitivity (@1kHz) 109 dB, remote control and mic on headphone, includes case, USB charging cable and 1,2 m audio cable, weight: 227 g",
        "price": "39.99"
    }
},
{
    "model": "products.product",
    "pk": 3,
    "fields": {
        "name": "INOV-8 MUDCLAW 300 FELL RUNNING SHOES - AW16",
        "description": "This legendary all terrain animal with its unique outsole will claw through any mud sodden, drenched terrain and with its quick release cleats, will come up begging for more. DWR coating repels mud and water from the upper and its 1st generation Meta- Shank\u2122 delivers flexible, protective proprioception. Choose this shoe for adventure racing and the toughest off trail events.",
        "price": "71.39"
    }
},
{
    "model": "products.product",
    "pk": 4,
    "fields": {
        "name": "NIKE DIAMOND ARM BAND FOR IPHONE 5",
        "description": "So you can take your music with you while you run! A great way to block out the world - The Nike Diamond Arm Band for iPhone 5s and iPhone 5 is a lightweight, secure custom design that lets you keep your iPhone handy while you exercise. It features double D-rings, fused construction, a clear window with touch-screen compatibility, and an easy-entry fold-over back pocket. And of course it's emblazoned with a high-contrast Nike Swoosh logo and perforated detailing. The water-resistant pocket fabrication protects your iPhone from moisture and breath ability channels help increase air flow to prevent any chance of overheating.",
        "price": "9.51"
    }
},
{
    "model": "products.product",
    "pk": 5,
    "fields": {
        "name": "Five Minutes Peace",
        "description": "How Much would you be willing to pay for just five minutes peace!!",
        "price": "6666.66"
    }
},
{
    "model": "magazines.magazine",
    "pk": 1,
    "fields": {
        "name": "Uncut Magazine",
        "description": "For music and Movies which we prefer over people!",
        "price": "51.14"
    }
},
{
    "model": "magazines.magazine",
    "pk": 2,
    "fields": {
        "name": "How to Lose Friends & Alienate People",
        "description": "If you've got too many friends and cant take it anymore this is the publication for you!!",
        "price": "14.67"
    }
},
{
    "model": "magazines.magazine",
    "pk": 3,
    "fields": {
        "name": "Outside Magazine",
        "description": "The further you get into the wilderness, the Less you have to deal with people",
        "price": "24.99"
    }
},
{
    "model": "magazines.magazine",
    "pk": 4,
    "fields": {
        "name": "Wired",
        "description": "keeping yourself connected through technology means you don't have to talk directly to people",
        "price": "34.99"
    }
},
{
    "model": "threads.subject",
    "pk": 1,
    "fields": {
        "name": "Running",
        "description": "<p>This Thread is for discusing Running. Our favorite thing to do to avoid people in away that is good for you</p>"
    }
},
{
    "model": "threads.subject",
    "pk": 2,
    "fields": {
        "name": "Technology",
        "description": "<p>This Forum is for discussing ways we can use technology to avoid people.&nbsp;</p>"
    }
},
{
    "model": "threads.subject",
    "pk": 3,
    "fields": {
        "name": "Wine",
        "description": "<p>Forum for discussing wine and sharing tips, because sometimes after along hard day dealing with people there is no better way to deal with it! &nbsp;Besides you can Always Run it off tommorrow!!</p>"
    }
},
{
    "model": "threads.subject",
    "pk": 4,
    "fields": {
        "name": "Self obsession",
        "description": "<p>What better way to be anti-social than talk about yourself!</p>"
    }
},
{
    "model": "threads.thread",
    "pk": 4,
    "fields": {
        "name": "Am I Sexy?",
        "user": [
            "brendanjgreene@gmail.com"
        ],
        "subject": 4,
        "created_at": "2017-04-03T22:01:11Z"
    }
},
{
    "model": "threads.thread",
    "pk": 5,
    "fields": {
        "name": "Yes or NO!",
        "user": [
            "brendanjgreene@gmail.com"
        ],
        "subject": 1,
        "created_at": "2017-04-04T17:52:04Z"
    }
},
{
    "model": "threads.thread",
    "pk": 7,
    "fields": {
        "name": "Fifth Thread",
        "user": [
            "brendanjgreene@gmail.com"
        ],
        "subject": 1,
        "created_at": "2017-04-04T19:54:10Z"
    }
},
{
    "model": "threads.thread",
    "pk": 9,
    "fields": {
        "name": "Seventh Thread",
        "user": [
            "brendanjgreene@gmail.com"
        ],
        "subject": 1,
        "created_at": "2017-04-04T20:19:16Z"
    }
},
{
    "model": "threads.thread",
    "pk": 12,
    "fields": {
        "name": "Self Service Checkout",
        "user": [
            "grace@grace.ie"
        ],
        "subject": 2,
        "created_at": "2017-04-05T10:25:00Z"
    }
},
{
    "model": "threads.thread",
    "pk": 13,
    "fields": {
        "name": "this a thread without a poll",
        "user": [
            "tess@tess.ie"
        ],
        "subject": 1,
        "created_at": "2017-04-13T10:23:15.743Z"
    }
},
{
    "model": "threads.thread",
    "pk": 14,
    "fields": {
        "name": "this a thread with a poll",
        "user": [
            "tess@tess.ie"
        ],
        "subject": 2,
        "created_at": "2017-04-13T10:25:27Z"
    }
},
{
    "model": "threads.thread",
    "pk": 15,
    "fields": {
        "name": "no poll",
        "user": [
            "tess@tess.ie"
        ],
        "subject": 1,
        "created_at": "2017-04-13T10:38:23Z"
    }
},
{
    "model": "threads.thread",
    "pk": 16,
    "fields": {
        "name": "Poll",
        "user": [
            "tess@tess.ie"
        ],
        "subject": 1,
        "created_at": "2017-04-13T10:38:57Z"
    }
},
{
    "model": "threads.thread",
    "pk": 18,
    "fields": {
        "name": "iPhone versus Android",
        "user": [
            "brendanjgreene@gmail.com"
        ],
        "subject": 2,
        "created_at": "2017-04-13T10:50:08Z"
    }
},
{
    "model": "threads.thread",
    "pk": 19,
    "fields": {
        "name": "Chi Running",
        "user": [
            "brendanjgreene@gmail.com"
        ],
        "subject": 1,
        "created_at": "2017-04-16T00:58:49Z"
    }
},
{
    "model": "threads.thread",
    "pk": 20,
    "fields": {
        "name": "Red or White",
        "user": [
            "brendanjgreene@gmail.com"
        ],
        "subject": 3,
        "created_at": "2017-04-18T12:43:15.584Z"
    }
},
{
    "model": "threads.thread",
    "pk": 21,
    "fields": {
        "name": "What your favorite Wine Region",
        "user": [
            "brendanjgreene@gmail.com"
        ],
        "subject": 3,
        "created_at": "2017-04-18T13:23:06.614Z"
    }
},
{
    "model": "threads.post",
    "pk": 5,
    "fields": {
        "thread": 4,
        "comment": "<p>Come on answer yes or no!</p>",
        "user": [
            "brendanjgreene@gmail.com"
        ],
        "created_at": "2017-04-03T22:01:11Z"
    }
},
{
    "model": "threads.post",
    "pk": 8,
    "fields": {
        "thread": 7,
        "comment": "<p>Not sure what this poll is about</p>",
        "user": [
            "brendanjgreene@gmail.com"
        ],
        "created_at": "2017-04-04T19:54:10.209Z"
    }
},
{
    "model": "threads.post",
    "pk": 13,
    "fields": {
        "thread": 12,
        "comment": "<p>Yes there is always someonetrying to talk to you i just wanna buy my milk</p>",
        "user": [
            "brendanjgreene@gmail.com"
        ],
        "created_at": "2017-04-05T10:25:00.504Z"
    }
},
{
    "model": "threads.post",
    "pk": 21,
    "fields": {
        "thread": 12,
        "comment": "<p>you must be joking</p>",
        "user": [
            "tess@tess.ie"
        ],
        "created_at": "2017-04-11T20:13:43.399Z"
    }
},
{
    "model": "threads.post",
    "pk": 22,
    "fields": {
        "thread": 13,
        "comment": "<p>no poll</p>",
        "user": [
            "tess@tess.ie"
        ],
        "created_at": "2017-04-13T10:23:15Z"
    }
},
{
    "model": "threads.post",
    "pk": 23,
    "fields": {
        "thread": 14,
        "comment": "<p>this thread has a poll</p>",
        "user": [
            "tess@tess.ie"
        ],
        "created_at": "2017-04-13T10:25:27.348Z"
    }
},
{
    "model": "threads.post",
    "pk": 33,
    "fields": {
        "thread": 20,
        "comment": "<p>Just wondering if you prefer Red or White Wine? &nbsp;In my opininion men Like Red and women like white but that is not always true</p>",
        "user": [
            "brendanjgreene@gmail.com"
        ],
        "created_at": "2017-04-18T12:43:15.584Z"
    }
},
{
    "model": "threads.post",
    "pk": 34,
    "fields": {
        "thread": 5,
        "comment": "<p>what is the question</p>",
        "user": [
            "brendanjgreene@gmail.com"
        ],
        "created_at": "2017-04-18T13:03:27.802Z"
    }
},
{
    "model": "threads.post",
    "pk": 35,
    "fields": {
        "thread": 21,
        "comment": "<p>What your favorite Wine Region</p>",
        "user": [
            "brendanjgreene@gmail.com"
        ],
        "created_at": "2017-04-18T13:23:06.615Z"
    }
},
{
    "model": "threads.post",
    "pk": 36,
    "fields": {
        "thread": 13,
        "comment": "<p>wow</p>",
        "user": [
            "caroline@caroline.ie"
        ],
        "created_at": "2017-04-19T11:04:51.843Z"
    }
},
{
    "model": "polls.poll",
    "pk": 2,
    "fields": {
        "question": "Am I Sexy?",
        "thread": 4
    }
},
{
    "model": "polls.poll",
    "pk": 3,
    "fields": {
        "question": "yes or NO!",
        "thread": 5
    }
},
{
    "model": "polls.poll",
    "pk": 5,
    "fields": {
        "question": "gh",
        "thread": 7
    }
},
{
    "model": "polls.poll",
    "pk": 7,
    "fields": {
        "question": "fgj",
        "thread": 9
    }
},
{
    "model": "polls.poll",
    "pk": 10,
    "fields": {
        "question": "Do You use Self Checkout just to avoid small talk",
        "thread": 12
    }
},
{
    "model": "polls.poll",
    "pk": 11,
    "fields": {
        "question": "are poll cool",
        "thread": 14
    }
},
{
    "model": "polls.poll",
    "pk": 12,
    "fields": {
        "question": "yes or NO! again",
        "thread": 19
    }
},
{
    "model": "polls.poll",
    "pk": 13,
    "fields": {
        "question": "Red or White?",
        "thread": 20
    }
},
{
    "model": "polls.poll",
    "pk": 14,
    "fields": {
        "question": "Favorite Wine Country",
        "thread": 21
    }
},
{
    "model": "polls.pollsubject",
    "pk": 3,
    "fields": {
        "name": "yes",
        "poll": 2
    }
},
{
    "model": "polls.pollsubject",
    "pk": 4,
    "fields": {
        "name": "no",
        "poll": 2
    }
},
{
    "model": "polls.pollsubject",
    "pk": 5,
    "fields": {
        "name": "yes",
        "poll": 3
    }
},
{
    "model": "polls.pollsubject",
    "pk": 6,
    "fields": {
        "name": "no",
        "poll": 3
    }
},
{
    "model": "polls.pollsubject",
    "pk": 9,
    "fields": {
        "name": "g",
        "poll": 5
    }
},
{
    "model": "polls.pollsubject",
    "pk": 10,
    "fields": {
        "name": "h",
        "poll": 5
    }
},
{
    "model": "polls.pollsubject",
    "pk": 13,
    "fields": {
        "name": "jjj",
        "poll": 7
    }
},
{
    "model": "polls.pollsubject",
    "pk": 14,
    "fields": {
        "name": "hhh",
        "poll": 7
    }
},
{
    "model": "polls.pollsubject",
    "pk": 19,
    "fields": {
        "name": "Yes",
        "poll": 10
    }
},
{
    "model": "polls.pollsubject",
    "pk": 20,
    "fields": {
        "name": "No!",
        "poll": 10
    }
},
{
    "model": "polls.pollsubject",
    "pk": 21,
    "fields": {
        "name": "yes",
        "poll": 11
    }
},
{
    "model": "polls.pollsubject",
    "pk": 22,
    "fields": {
        "name": "",
        "poll": 11
    }
},
{
    "model": "polls.pollsubject",
    "pk": 23,
    "fields": {
        "name": "",
        "poll": 11
    }
},
{
    "model": "polls.pollsubject",
    "pk": 24,
    "fields": {
        "name": "yes",
        "poll": 12
    }
},
{
    "model": "polls.pollsubject",
    "pk": 25,
    "fields": {
        "name": "no",
        "poll": 12
    }
},
{
    "model": "polls.pollsubject",
    "pk": 26,
    "fields": {
        "name": "Red",
        "poll": 13
    }
},
{
    "model": "polls.pollsubject",
    "pk": 27,
    "fields": {
        "name": "White",
        "poll": 13
    }
},
{
    "model": "polls.pollsubject",
    "pk": 28,
    "fields": {
        "name": "Ros\u00e9 (you must be crazy)",
        "poll": 13
    }
},
{
    "model": "polls.pollsubject",
    "pk": 29,
    "fields": {
        "name": "Italy",
        "poll": 14
    }
},
{
    "model": "polls.pollsubject",
    "pk": 30,
    "fields": {
        "name": "France",
        "poll": 14
    }
},
{
    "model": "polls.pollsubject",
    "pk": 31,
    "fields": {
        "name": "Chile",
        "poll": 14
    }
},
{
    "model": "polls.vote",
    "pk": 1,
    "fields": {
        "poll": 3,
        "subject": 5,
        "user": [
            "brendanjgreene@gmail.com"
        ]
    }
},
{
    "model": "polls.vote",
    "pk": 2,
    "fields": {
        "poll": 2,
        "subject": 4,
        "user": [
            "brendanjgreene@gmail.com"
        ]
    }
},
{
    "model": "polls.vote",
    "pk": 3,
    "fields": {
        "poll": 5,
        "subject": 9,
        "user": [
            "brendanjgreene@gmail.com"
        ]
    }
},
{
    "model": "polls.vote",
    "pk": 4,
    "fields": {
        "poll": 7,
        "subject": 14,
        "user": [
            "brendanjgreene@gmail.com"
        ]
    }
},
{
    "model": "polls.vote",
    "pk": 5,
    "fields": {
        "poll": 2,
        "subject": 3,
        "user": [
            "grace@grace.ie"
        ]
    }
},
{
    "model": "polls.vote",
    "pk": 7,
    "fields": {
        "poll": 2,
        "subject": 4,
        "user": [
            "tess@tess.ie"
        ]
    }
},
{
    "model": "polls.vote",
    "pk": 9,
    "fields": {
        "poll": 3,
        "subject": 6,
        "user": [
            "tess@tess.ie"
        ]
    }
},
{
    "model": "polls.vote",
    "pk": 11,
    "fields": {
        "poll": 10,
        "subject": 20,
        "user": [
            "tess@tess.ie"
        ]
    }
},
{
    "model": "polls.vote",
    "pk": 12,
    "fields": {
        "poll": 11,
        "subject": 21,
        "user": [
            "brendanjgreene@gmail.com"
        ]
    }
},
{
    "model": "polls.vote",
    "pk": 13,
    "fields": {
        "poll": 13,
        "subject": 26,
        "user": [
            "brendanjgreene@gmail.com"
        ]
    }
},
{
    "model": "polls.vote",
    "pk": 14,
    "fields": {
        "poll": 10,
        "subject": 19,
        "user": [
            "brendanjgreene@gmail.com"
        ]
    }
},
{
    "model": "polls.vote",
    "pk": 15,
    "fields": {
        "poll": 14,
        "subject": 29,
        "user": [
            "brendanjgreene@gmail.com"
        ]
    }
},
{
    "model": "polls.vote",
    "pk": 16,
    "fields": {
        "poll": 3,
        "subject": 5,
        "user": [
            "caroline@caroline.ie"
        ]
    }
},
{
    "model": "my_blog.post",
    "pk": 1,
    "fields": {
        "author": [
            "tess@tess.ie"
        ],
        "title": "First Blog",
        "content": "This is Me deal with it",
        "created_date": "2017-04-03T15:44:02Z",
        "published_date": "2017-04-11T20:01:08.155Z",
        "views": 76,
        "tag": "",
        "image": "images/Photo_on_03-06-2016_at_14.32_original.jpg"
    }
},
{
    "model": "my_blog.post",
    "pk": 2,
    "fields": {
        "author": [
            "grace@grace.ie"
        ],
        "title": "X-Box",
        "content": "I use the x-box to escape from the world I get to blow up Storm Troopers and if i wear headphones I can't hear my mom giving out to me!!",
        "created_date": "2017-04-03T16:45:15Z",
        "published_date": "2017-04-06T15:08:10Z",
        "views": 30,
        "tag": "Tech stuff",
        "image": "images/IMG_8572.PNG"
    }
},
{
    "model": "my_blog.post",
    "pk": 3,
    "fields": {
        "author": [
            "brendanjgreene@gmail.com"
        ],
        "title": "I use self checkout all the time just to not have to make small talk!",
        "content": "This is a blog I copied to make my point !\r\n\r\nAndrew Herzog, host of \u201cBonfire\u201d on TheBlaze Radio Network, shares his take on self-checkout lanes and the rise of automation:\r\n\r\nOn my latest episode of \u201cBonfire,\u201d I ranted about self-checkout lanes.\r\n\r\nLet me explain.\r\n\r\nThe local grocery store by my house decided it would be a good idea to remove their self-checkout lanes and install the typical express lanes. I\u2019m not sure why they decided to do this since they already had express lanes. I am a fan of self-checkout because it\u2019s quicker and more efficient. For some reason though, most people still elect to go through the express lanes, which was always good news for me since I\u2019d be in and out of the grocery store within ten minutes. Unfortunately, this particular grocery store removed self-checkout and is now forcing me to wait in line, waste more of my time, and then pay them for it!\r\n\r\nObviously two more cashiers are needed on hand now to handle these new express lanes, and that costs money. Is the grocery store going to eat that expense? No, they will eventually pass the price onto people like me through their products. For some inexplicable reason, I am now giving more of my time and money for the same result of a checkout. That\u2019s ridiculous and completely economically inefficient.\r\n\r\n\r\nThe takeaway here? You can\u2019t stop technology. When the banks replace human tellers with kiosks, and when fast food replaces cashiers with touch screens, and when grocery stores replace their employees with self-checkout lanes, money and time are saved for everyone! No more training employees to take orders and push buttons. No more time wasted on my end explaining something to a cashier or waiting in line with fifteen other people to buy a gallon of milk. This is the capitalist way: making something better and more efficient for everyone.\r\n\r\nI\u2019m not being cold here. I don\u2019t revel in lost jobs, but I don\u2019t believe in keeping them for the sake of keeping them either. Employment is not the most critical aspect of an economy; after all, we could just employ half the country to dig holes and the other half of the country to fill them back in. Everyone would be employed but nothing of value would be created. A more important aspect of a healthy economy is increased efficiency and innovation. VHS tapes and typewriters are gone (along with everyone responsible for making them and maintaining them). But now we have streaming entertainment and smartphones more powerful than computers from the 1990s. That\u2019s what I\u2019m talking about!\r\n\r\nYou cannot stop technology, nor should you try.\r\n\r\nPut the self-checkout lanes back or I will find another grocery store that understands basic economics.",
        "created_date": "2017-04-03T17:08:26.289Z",
        "published_date": "2017-04-18T12:18:44.291Z",
        "views": 24,
        "tag": null,
        "image": ""
    }
},
{
    "model": "my_blog.post",
    "pk": 4,
    "fields": {
        "author": [
            "brendanjgreene@gmail.com"
        ],
        "title": "My Handsome face",
        "content": "My Handsome face. Behold it's glory!My Handsome face. Behold it's glory!My Handsome face. Behold it's glory!My Handsome face. Behold it's glory!My Handsome face. Behold it's glory!My Handsome face. Behold it's glory!My Handsome face. Behold it's glory!My Handsome face. Behold it's glory!My Handsome face. Behold it's glory!My Handsome face. Behold it's glory!My Handsome face. Behold it's glory!My Handsome face. Behold it's glory!My Handsome face. Behold it's glory!My Handsome face. Behold it's glory!My Handsome face. Behold it's glory!My Handsome face. Behold it's glory!My Handsome face. Behold it's glory!My Handsome face. Behold it's glory!My Handsome face. Behold it's glory!My Handsome face. Behold it's glory!My Handsome face. Behold it's glory!My Handsome face. Behold it's glory!My Handsome face. Behold it's glory!My Handsome face. Behold it's glory!My Handsome face. Behold it's glory!My Handsome face. Behold it's glory!My Handsome face. Behold it's glory!My Handsome face. Behold it's glory!My Handsome face. Behold it's glory!My Handsome face. Behold it's glory!My Handsome face. Behold it's glory!My Handsome face. Behold it's glory!",
        "created_date": "2017-04-03T17:28:11Z",
        "published_date": "2017-04-07T20:15:31.984Z",
        "views": 29,
        "tag": "photo",
        "image": "images/Photo_on_03-06-2016_at_14.32_original.jpg"
    }
},
{
    "model": "my_blog.post",
    "pk": 5,
    "fields": {
        "author": [
            "brendanjgreene@gmail.com"
        ],
        "title": "The Power of Introverts",
        "content": "For those of us who identify as introverts, I recommend Quiet: The Power of Introverts in a World that Can\u2019t Stop Talking by Susan Cain (2013)\r\n\r\nThe introvert/extrovert divide is the most basic dimension of human personality. \r\n\r\n\r\nIn Quiet, Susan Cain shows how the brain chemistry of introverts and extroverts differs, and how society misunderstands and undervalues introverts. She gives introverts the tools to better understand themselves and take full advantage of their strengths.\r\n\r\n\r\nPreviously a corporate lawyer, Susan Cain is the owner of The Negotiation Company, a firm that trains people in negotiation and communication skills. Her clients include Merrill Lynch, Standard & Poor and the University of Chicago Business School.\r\n\r\nCheckout \r\n\r\nhttp://www.ThePowerOfIntroverts.com\r\n\r\nhttp://www.quietrev.com/",
        "created_date": "2017-04-13T18:22:49.665Z",
        "published_date": "2017-04-17T21:09:01.690Z",
        "views": 9,
        "tag": null,
        "image": ""
    }
},
{
    "model": "my_blog.post",
    "pk": 6,
    "fields": {
        "author": [
            "brendanjgreene@gmail.com"
        ],
        "title": "Bob Marley - Running Away",
        "content": "\"Running Away\"\r\n\r\nYa running and ya running\r\n\r\nAnd ya running away.\r\n\r\nYa running and ya running\r\nAnd ya running away.\r\nYa running and ya running\r\nAnd ya running away.\r\nYa running and ya running,\r\nBut ya can't run away from yourself\r\nCan't run away from yourself -\r\nCan't run away from yourself -\r\nCan't run away from yourself -\r\nCan't run away from yourself -\r\nCan't run away from yourself.\r\n\r\nYa must have done (must have done),\r\nSomet'in' wrong (something wrong).\r\nSaid: ya must have done (must have done),\r\nWo! Somet'in' wrong (something wrong).\r\nWhy you can't find the\r\nPlace where you belong?\r\nDo-do-do-do-do-do-do-do-do (running away);\r\nDo-do-do-do-do-do-do-do-do (running away);\r\nDo-do-do-do-do-do-do-do-do (running away);\r\nDo-do-do-do-do-do-do-do-do (running away);\r\nDo-do-do-do-do-do-do-do-do (running away).\r\n\r\nEvery man thinketh his\r\nBurden is the heaviest (heaviest).\r\nEvery man thinketh his\r\nBurden is the heaviest (heaviest).\r\nYa still mean it: Who feels it knows it, Lord;\r\nWho feels it knows it, Lord;\r\nWho feels it knows it, Lord;\r\nWho feels it knows it, Lord.\r\n\r\nYa running and ya running\r\nAnd ya running away.\r\nYa running and ya running\r\nAnd ya running away.\r\nYa running and ya running\r\nAnd ya running away.\r\nYa running and ya running\r\nBut ya can't run away from yourself.\r\nCould ya run away from yourself?\r\nCan you run away from yourself?\r\nCan't run away from yourself!\r\nCan't run away from yourself!\r\nYeah-eah-eah-eah - from yourself.\r\n\r\nBrr - you must have done somet'in' -\r\nSomet'in' - somet'in' - somet'in' -\r\nSomet'in' ya don't want nobody to know about:\r\nYa must have, Lord - somet'in' wrong,\r\nWhat ya must have done - ya must have done somet'in' wrong.\r\nWhy you can't find where you belong?\r\n\r\nWell, well, well, well, ya running away, heh, no -\r\nYa running away, ooh, no, no, no,\r\nI'm not (running away), no, don't say that - don't say that,\r\n'Cause (running away) I'm not running away, ooh! (running away)\r\nI've got to protect my life, (running away)\r\nAnd I don't want to live with no strife. (running away)\r\nIt is better to live on the housetop (running away)\r\nThan to live in a house full of confusion. (running away)\r\nSo, I made my decision and I left ya; (running away)\r\nNow you comin' to tell me (running away)\r\nThat I'm runnin' away. (running away)\r\nBut it's not true, (running away)\r\nI am not runnin' away. (running away) [fadeout]",
        "created_date": "2017-04-13T18:23:19.506Z",
        "published_date": "2017-04-16T00:00:52.330Z",
        "views": 19,
        "tag": null,
        "image": ""
    }
},
{
    "model": "admin.logentry",
    "pk": 1,
    "fields": {
        "action_time": "2017-04-03T00:21:49.597Z",
        "user": [
            "brendanjgreene@gmail.com"
        ],
        "content_type": [
            "sites",
            "site"
        ],
        "object_id": "3",
        "object_repr": "localhost",
        "action_flag": 1,
        "change_message": "[{\"added\": {}}]"
    }
},
{
    "model": "admin.logentry",
    "pk": 2,
    "fields": {
        "action_time": "2017-04-03T01:56:38.423Z",
        "user": [
            "brendanjgreene@gmail.com"
        ],
        "content_type": [
            "flatpages",
            "flatpage"
        ],
        "object_id": "1",
        "object_repr": "/pages/about/ -- About This Website",
        "action_flag": 1,
        "change_message": "[{\"added\": {}}]"
    }
},
{
    "model": "admin.logentry",
    "pk": 3,
    "fields": {
        "action_time": "2017-04-03T01:58:16.122Z",
        "user": [
            "brendanjgreene@gmail.com"
        ],
        "content_type": [
            "flatpages",
            "flatpage"
        ],
        "object_id": "2",
        "object_repr": "/pages/contact/ -- Contact Page",
        "action_flag": 1,
        "change_message": "[{\"added\": {}}]"
    }
},
{
    "model": "admin.logentry",
    "pk": 4,
    "fields": {
        "action_time": "2017-04-03T01:59:16.206Z",
        "user": [
            "brendanjgreene@gmail.com"
        ],
        "content_type": [
            "flatpages",
            "flatpage"
        ],
        "object_id": "1",
        "object_repr": "/pages/about/ -- About This Website",
        "action_flag": 2,
        "change_message": "[{\"changed\": {\"fields\": [\"content\"]}}]"
    }
},
{
    "model": "admin.logentry",
    "pk": 5,
    "fields": {
        "action_time": "2017-04-03T09:31:16.515Z",
        "user": [
            "brendanjgreene@gmail.com"
        ],
        "content_type": [
            "products",
            "product"
        ],
        "object_id": "1",
        "object_repr": "Chocolate Bars",
        "action_flag": 1,
        "change_message": "[{\"added\": {}}]"
    }
},
{
    "model": "admin.logentry",
    "pk": 6,
    "fields": {
        "action_time": "2017-04-03T09:32:53.240Z",
        "user": [
            "brendanjgreene@gmail.com"
        ],
        "content_type": [
            "products",
            "product"
        ],
        "object_id": "2",
        "object_repr": "Samson RTE 2 Bluetooth",
        "action_flag": 1,
        "change_message": "[{\"added\": {}}]"
    }
},
{
    "model": "admin.logentry",
    "pk": 7,
    "fields": {
        "action_time": "2017-04-03T09:34:49.093Z",
        "user": [
            "brendanjgreene@gmail.com"
        ],
        "content_type": [
            "products",
            "product"
        ],
        "object_id": "3",
        "object_repr": "INOV-8 MUDCLAW 300 FELL RUNNING SHOES - AW16",
        "action_flag": 1,
        "change_message": "[{\"added\": {}}]"
    }
},
{
    "model": "admin.logentry",
    "pk": 8,
    "fields": {
        "action_time": "2017-04-03T09:36:26.803Z",
        "user": [
            "brendanjgreene@gmail.com"
        ],
        "content_type": [
            "products",
            "product"
        ],
        "object_id": "4",
        "object_repr": "NIKE WOMEN'S DIAMOND ARM BAND FOR IPHONE 5",
        "action_flag": 1,
        "change_message": "[{\"added\": {}}]"
    }
},
{
    "model": "admin.logentry",
    "pk": 9,
    "fields": {
        "action_time": "2017-04-03T14:47:10.907Z",
        "user": [
            "brendanjgreene@gmail.com"
        ],
        "content_type": [
            "magazines",
            "magazine"
        ],
        "object_id": "1",
        "object_repr": "Uncut Magazine",
        "action_flag": 1,
        "change_message": "[{\"added\": {}}]"
    }
},
{
    "model": "admin.logentry",
    "pk": 10,
    "fields": {
        "action_time": "2017-04-03T15:44:25.100Z",
        "user": [
            "brendanjgreene@gmail.com"
        ],
        "content_type": [
            "my_blog",
            "post"
        ],
        "object_id": "1",
        "object_repr": "first blog",
        "action_flag": 1,
        "change_message": "[{\"added\": {}}]"
    }
},
{
    "model": "admin.logentry",
    "pk": 11,
    "fields": {
        "action_time": "2017-04-03T16:46:11.715Z",
        "user": [
            "brendanjgreene@gmail.com"
        ],
        "content_type": [
            "my_blog",
            "post"
        ],
        "object_id": "2",
        "object_repr": "techy",
        "action_flag": 1,
        "change_message": "[{\"added\": {}}]"
    }
},
{
    "model": "admin.logentry",
    "pk": 12,
    "fields": {
        "action_time": "2017-04-03T17:28:36.279Z",
        "user": [
            "brendanjgreene@gmail.com"
        ],
        "content_type": [
            "my_blog",
            "post"
        ],
        "object_id": "4",
        "object_repr": "gkjhjk",
        "action_flag": 1,
        "change_message": "[{\"added\": {}}]"
    }
},
{
    "model": "admin.logentry",
    "pk": 13,
    "fields": {
        "action_time": "2017-04-03T19:01:36.299Z",
        "user": [
            "brendanjgreene@gmail.com"
        ],
        "content_type": [
            "threads",
            "subject"
        ],
        "object_id": "1",
        "object_repr": "first subject",
        "action_flag": 1,
        "change_message": "[{\"added\": {}}]"
    }
},
{
    "model": "admin.logentry",
    "pk": 14,
    "fields": {
        "action_time": "2017-04-03T19:01:41.958Z",
        "user": [
            "brendanjgreene@gmail.com"
        ],
        "content_type": [
            "threads",
            "thread"
        ],
        "object_id": "1",
        "object_repr": "Thread object",
        "action_flag": 1,
        "change_message": "[{\"added\": {}}]"
    }
},
{
    "model": "admin.logentry",
    "pk": 15,
    "fields": {
        "action_time": "2017-04-03T19:02:54.221Z",
        "user": [
            "brendanjgreene@gmail.com"
        ],
        "content_type": [
            "threads",
            "post"
        ],
        "object_id": "1",
        "object_repr": "Post object",
        "action_flag": 1,
        "change_message": "[{\"added\": {}}]"
    }
},
{
    "model": "admin.logentry",
    "pk": 16,
    "fields": {
        "action_time": "2017-04-06T11:42:45.259Z",
        "user": [
            "brendanjgreene@gmail.com"
        ],
        "content_type": [
            "threads",
            "subject"
        ],
        "object_id": "1",
        "object_repr": "first subject",
        "action_flag": 2,
        "change_message": "[{\"changed\": {\"fields\": [\"description\"]}}]"
    }
},
{
    "model": "admin.logentry",
    "pk": 17,
    "fields": {
        "action_time": "2017-04-06T11:43:55.190Z",
        "user": [
            "brendanjgreene@gmail.com"
        ],
        "content_type": [
            "threads",
            "thread"
        ],
        "object_id": "3",
        "object_repr": "Thread object",
        "action_flag": 3,
        "change_message": ""
    }
},
{
    "model": "admin.logentry",
    "pk": 18,
    "fields": {
        "action_time": "2017-04-06T15:04:04.601Z",
        "user": [
            "brendanjgreene@gmail.com"
        ],
        "content_type": [
            "magazines",
            "magazine"
        ],
        "object_id": "2",
        "object_repr": "How to Lose Friends & Alienate People",
        "action_flag": 1,
        "change_message": "[{\"added\": {}}]"
    }
},
{
    "model": "admin.logentry",
    "pk": 19,
    "fields": {
        "action_time": "2017-04-09T21:40:49.631Z",
        "user": [
            "brendanjgreene@gmail.com"
        ],
        "content_type": [
            "threads",
            "thread"
        ],
        "object_id": "1",
        "object_repr": "Thread object",
        "action_flag": 2,
        "change_message": "[{\"changed\": {\"fields\": [\"name\"]}}]"
    }
},
{
    "model": "admin.logentry",
    "pk": 20,
    "fields": {
        "action_time": "2017-04-09T21:41:09.219Z",
        "user": [
            "brendanjgreene@gmail.com"
        ],
        "content_type": [
            "threads",
            "thread"
        ],
        "object_id": "2",
        "object_repr": "Thread object",
        "action_flag": 2,
        "change_message": "[{\"changed\": {\"fields\": [\"name\"]}}]"
    }
},
{
    "model": "admin.logentry",
    "pk": 21,
    "fields": {
        "action_time": "2017-04-09T21:41:19.895Z",
        "user": [
            "brendanjgreene@gmail.com"
        ],
        "content_type": [
            "threads",
            "thread"
        ],
        "object_id": "5",
        "object_repr": "Thread object",
        "action_flag": 2,
        "change_message": "[{\"changed\": {\"fields\": [\"name\"]}}]"
    }
},
{
    "model": "admin.logentry",
    "pk": 22,
    "fields": {
        "action_time": "2017-04-09T21:41:43.588Z",
        "user": [
            "brendanjgreene@gmail.com"
        ],
        "content_type": [
            "threads",
            "thread"
        ],
        "object_id": "6",
        "object_repr": "Thread object",
        "action_flag": 2,
        "change_message": "[{\"changed\": {\"fields\": [\"name\"]}}]"
    }
},
{
    "model": "admin.logentry",
    "pk": 23,
    "fields": {
        "action_time": "2017-04-09T21:42:11.205Z",
        "user": [
            "brendanjgreene@gmail.com"
        ],
        "content_type": [
            "threads",
            "thread"
        ],
        "object_id": "7",
        "object_repr": "Thread object",
        "action_flag": 2,
        "change_message": "[{\"changed\": {\"fields\": [\"name\"]}}]"
    }
},
{
    "model": "admin.logentry",
    "pk": 24,
    "fields": {
        "action_time": "2017-04-09T21:42:33.862Z",
        "user": [
            "brendanjgreene@gmail.com"
        ],
        "content_type": [
            "threads",
            "thread"
        ],
        "object_id": "8",
        "object_repr": "Thread object",
        "action_flag": 2,
        "change_message": "[{\"changed\": {\"fields\": [\"name\"]}}]"
    }
},
{
    "model": "admin.logentry",
    "pk": 25,
    "fields": {
        "action_time": "2017-04-09T21:42:54.014Z",
        "user": [
            "brendanjgreene@gmail.com"
        ],
        "content_type": [
            "threads",
            "thread"
        ],
        "object_id": "9",
        "object_repr": "Thread object",
        "action_flag": 2,
        "change_message": "[{\"changed\": {\"fields\": [\"name\"]}}]"
    }
},
{
    "model": "admin.logentry",
    "pk": 26,
    "fields": {
        "action_time": "2017-04-09T21:44:20.504Z",
        "user": [
            "brendanjgreene@gmail.com"
        ],
        "content_type": [
            "threads",
            "thread"
        ],
        "object_id": "4",
        "object_repr": "Thread object",
        "action_flag": 2,
        "change_message": "[{\"changed\": {\"fields\": [\"name\"]}}]"
    }
},
{
    "model": "admin.logentry",
    "pk": 27,
    "fields": {
        "action_time": "2017-04-09T21:45:25.949Z",
        "user": [
            "brendanjgreene@gmail.com"
        ],
        "content_type": [
            "threads",
            "subject"
        ],
        "object_id": "1",
        "object_repr": "First Subject",
        "action_flag": 2,
        "change_message": "[{\"changed\": {\"fields\": [\"name\", \"description\"]}}]"
    }
},
{
    "model": "admin.logentry",
    "pk": 28,
    "fields": {
        "action_time": "2017-04-09T22:16:20.184Z",
        "user": [
            "brendanjgreene@gmail.com"
        ],
        "content_type": [
            "products",
            "product"
        ],
        "object_id": "5",
        "object_repr": "Five Minutes Peace",
        "action_flag": 1,
        "change_message": "[{\"added\": {}}]"
    }
},
{
    "model": "admin.logentry",
    "pk": 29,
    "fields": {
        "action_time": "2017-04-09T22:42:09.727Z",
        "user": [
            "brendanjgreene@gmail.com"
        ],
        "content_type": [
            "flatpages",
            "flatpage"
        ],
        "object_id": "2",
        "object_repr": "/pages/contact/ -- Contact Page",
        "action_flag": 2,
        "change_message": "[{\"changed\": {\"fields\": [\"content\"]}}]"
    }
},
{
    "model": "admin.logentry",
    "pk": 30,
    "fields": {
        "action_time": "2017-04-09T22:42:52.730Z",
        "user": [
            "brendanjgreene@gmail.com"
        ],
        "content_type": [
            "flatpages",
            "flatpage"
        ],
        "object_id": "2",
        "object_repr": "/pages/contact/ -- Contact Page",
        "action_flag": 2,
        "change_message": "[{\"changed\": {\"fields\": [\"content\"]}}]"
    }
},
{
    "model": "admin.logentry",
    "pk": 31,
    "fields": {
        "action_time": "2017-04-09T22:45:32.946Z",
        "user": [
            "brendanjgreene@gmail.com"
        ],
        "content_type": [
            "flatpages",
            "flatpage"
        ],
        "object_id": "2",
        "object_repr": "/pages/contact/ -- Contact Page",
        "action_flag": 2,
        "change_message": "[{\"changed\": {\"fields\": [\"content\"]}}]"
    }
},
{
    "model": "admin.logentry",
    "pk": 32,
    "fields": {
        "action_time": "2017-04-09T22:47:54.267Z",
        "user": [
            "brendanjgreene@gmail.com"
        ],
        "content_type": [
            "flatpages",
            "flatpage"
        ],
        "object_id": "2",
        "object_repr": "/pages/contact/ -- Contact Page",
        "action_flag": 2,
        "change_message": "[{\"changed\": {\"fields\": [\"content\"]}}]"
    }
},
{
    "model": "admin.logentry",
    "pk": 33,
    "fields": {
        "action_time": "2017-04-09T22:52:45.825Z",
        "user": [
            "brendanjgreene@gmail.com"
        ],
        "content_type": [
            "flatpages",
            "flatpage"
        ],
        "object_id": "2",
        "object_repr": "/pages/contact/ -- Contact Page",
        "action_flag": 2,
        "change_message": "[{\"changed\": {\"fields\": [\"content\"]}}]"
    }
},
{
    "model": "admin.logentry",
    "pk": 34,
    "fields": {
        "action_time": "2017-04-09T22:56:07.871Z",
        "user": [
            "brendanjgreene@gmail.com"
        ],
        "content_type": [
            "flatpages",
            "flatpage"
        ],
        "object_id": "2",
        "object_repr": "/pages/contact/ -- Contact Page",
        "action_flag": 2,
        "change_message": "[{\"changed\": {\"fields\": [\"content\"]}}]"
    }
},
{
    "model": "admin.logentry",
    "pk": 35,
    "fields": {
        "action_time": "2017-04-09T22:57:22.370Z",
        "user": [
            "brendanjgreene@gmail.com"
        ],
        "content_type": [
            "flatpages",
            "flatpage"
        ],
        "object_id": "2",
        "object_repr": "/pages/contact/ -- Contact Page",
        "action_flag": 2,
        "change_message": "[{\"changed\": {\"fields\": [\"content\"]}}]"
    }
},
{
    "model": "admin.logentry",
    "pk": 36,
    "fields": {
        "action_time": "2017-04-09T22:57:48.363Z",
        "user": [
            "brendanjgreene@gmail.com"
        ],
        "content_type": [
            "flatpages",
            "flatpage"
        ],
        "object_id": "2",
        "object_repr": "/pages/contact/ -- Contact Page",
        "action_flag": 2,
        "change_message": "[{\"changed\": {\"fields\": [\"content\"]}}]"
    }
},
{
    "model": "admin.logentry",
    "pk": 37,
    "fields": {
        "action_time": "2017-04-10T13:06:33.201Z",
        "user": [
            "brendanjgreene@gmail.com"
        ],
        "content_type": [
            "flatpages",
            "flatpage"
        ],
        "object_id": "2",
        "object_repr": "/pages/contact/ -- Contact Page",
        "action_flag": 2,
        "change_message": "[{\"changed\": {\"fields\": [\"content\"]}}]"
    }
},
{
    "model": "admin.logentry",
    "pk": 38,
    "fields": {
        "action_time": "2017-04-13T16:26:00.478Z",
        "user": [
            "brendanjgreene@gmail.com"
        ],
        "content_type": [
            "threads",
            "subject"
        ],
        "object_id": "2",
        "object_repr": "Second Subject",
        "action_flag": 1,
        "change_message": "[{\"added\": {}}]"
    }
},
{
    "model": "admin.logentry",
    "pk": 39,
    "fields": {
        "action_time": "2017-04-13T17:09:19.311Z",
        "user": [
            "brendanjgreene@gmail.com"
        ],
        "content_type": [
            "threads",
            "thread"
        ],
        "object_id": "18",
        "object_repr": "Thread object",
        "action_flag": 2,
        "change_message": "[{\"changed\": {\"fields\": [\"subject\"]}}]"
    }
},
{
    "model": "admin.logentry",
    "pk": 40,
    "fields": {
        "action_time": "2017-04-18T11:59:48.719Z",
        "user": [
            "brendanjgreene@gmail.com"
        ],
        "content_type": [
            "magazines",
            "magazine"
        ],
        "object_id": "2",
        "object_repr": "How to Lose Friends & Alienate People",
        "action_flag": 2,
        "change_message": "[{\"changed\": {\"fields\": [\"description\"]}}]"
    }
},
{
    "model": "admin.logentry",
    "pk": 41,
    "fields": {
        "action_time": "2017-04-18T12:00:37.268Z",
        "user": [
            "brendanjgreene@gmail.com"
        ],
        "content_type": [
            "magazines",
            "magazine"
        ],
        "object_id": "1",
        "object_repr": "Uncut Magazine",
        "action_flag": 2,
        "change_message": "[{\"changed\": {\"fields\": [\"description\"]}}]"
    }
},
{
    "model": "admin.logentry",
    "pk": 42,
    "fields": {
        "action_time": "2017-04-18T12:04:28.378Z",
        "user": [
            "brendanjgreene@gmail.com"
        ],
        "content_type": [
            "magazines",
            "magazine"
        ],
        "object_id": "3",
        "object_repr": "Outside Magazine",
        "action_flag": 1,
        "change_message": "[{\"added\": {}}]"
    }
},
{
    "model": "admin.logentry",
    "pk": 43,
    "fields": {
        "action_time": "2017-04-18T12:07:00.234Z",
        "user": [
            "brendanjgreene@gmail.com"
        ],
        "content_type": [
            "magazines",
            "magazine"
        ],
        "object_id": "4",
        "object_repr": "Wired",
        "action_flag": 1,
        "change_message": "[{\"added\": {}}]"
    }
},
{
    "model": "admin.logentry",
    "pk": 44,
    "fields": {
        "action_time": "2017-04-18T12:09:08.105Z",
        "user": [
            "brendanjgreene@gmail.com"
        ],
        "content_type": [
            "threads",
            "subject"
        ],
        "object_id": "2",
        "object_repr": "Technology",
        "action_flag": 2,
        "change_message": "[{\"changed\": {\"fields\": [\"name\", \"description\"]}}]"
    }
},
{
    "model": "admin.logentry",
    "pk": 45,
    "fields": {
        "action_time": "2017-04-18T12:20:36.327Z",
        "user": [
            "brendanjgreene@gmail.com"
        ],
        "content_type": [
            "threads",
            "subject"
        ],
        "object_id": "2",
        "object_repr": "Technology",
        "action_flag": 2,
        "change_message": "[{\"changed\": {\"fields\": [\"description\"]}}]"
    }
},
{
    "model": "admin.logentry",
    "pk": 46,
    "fields": {
        "action_time": "2017-04-18T12:22:13.591Z",
        "user": [
            "brendanjgreene@gmail.com"
        ],
        "content_type": [
            "threads",
            "subject"
        ],
        "object_id": "1",
        "object_repr": "Running",
        "action_flag": 2,
        "change_message": "[{\"changed\": {\"fields\": [\"name\", \"description\"]}}]"
    }
},
{
    "model": "admin.logentry",
    "pk": 47,
    "fields": {
        "action_time": "2017-04-18T12:24:10.089Z",
        "user": [
            "brendanjgreene@gmail.com"
        ],
        "content_type": [
            "threads",
            "subject"
        ],
        "object_id": "3",
        "object_repr": "Wine",
        "action_flag": 1,
        "change_message": "[{\"added\": {}}]"
    }
},
{
    "model": "admin.logentry",
    "pk": 48,
    "fields": {
        "action_time": "2017-04-18T12:25:29.884Z",
        "user": [
            "brendanjgreene@gmail.com"
        ],
        "content_type": [
            "threads",
            "subject"
        ],
        "object_id": "3",
        "object_repr": "Wine",
        "action_flag": 2,
        "change_message": "[{\"changed\": {\"fields\": [\"description\"]}}]"
    }
},
{
    "model": "admin.logentry",
    "pk": 49,
    "fields": {
        "action_time": "2017-04-18T12:26:55.023Z",
        "user": [
            "brendanjgreene@gmail.com"
        ],
        "content_type": [
            "threads",
            "subject"
        ],
        "object_id": "4",
        "object_repr": "Self obsession",
        "action_flag": 1,
        "change_message": "[{\"added\": {}}]"
    }
},
{
    "model": "admin.logentry",
    "pk": 50,
    "fields": {
        "action_time": "2017-04-18T12:28:36.518Z",
        "user": [
            "brendanjgreene@gmail.com"
        ],
        "content_type": [
            "threads",
            "thread"
        ],
        "object_id": "4",
        "object_repr": "Thread object",
        "action_flag": 2,
        "change_message": "[{\"changed\": {\"fields\": [\"subject\"]}}]"
    }
},
{
    "model": "admin.logentry",
    "pk": 51,
    "fields": {
        "action_time": "2017-04-18T12:28:48.831Z",
        "user": [
            "brendanjgreene@gmail.com"
        ],
        "content_type": [
            "polls",
            "poll"
        ],
        "object_id": "2",
        "object_repr": "Am I Sexy?",
        "action_flag": 2,
        "change_message": "[{\"changed\": {\"fields\": [\"question\"]}}]"
    }
},
{
    "model": "admin.logentry",
    "pk": 52,
    "fields": {
        "action_time": "2017-04-18T12:29:11.658Z",
        "user": [
            "brendanjgreene@gmail.com"
        ],
        "content_type": [
            "threads",
            "thread"
        ],
        "object_id": "14",
        "object_repr": "Thread object",
        "action_flag": 2,
        "change_message": "[{\"changed\": {\"fields\": [\"subject\"]}}]"
    }
},
{
    "model": "admin.logentry",
    "pk": 53,
    "fields": {
        "action_time": "2017-04-18T12:29:14.871Z",
        "user": [
            "brendanjgreene@gmail.com"
        ],
        "content_type": [
            "polls",
            "poll"
        ],
        "object_id": "11",
        "object_repr": "are poll cool",
        "action_flag": 2,
        "change_message": "[]"
    }
},
{
    "model": "admin.logentry",
    "pk": 54,
    "fields": {
        "action_time": "2017-04-18T12:30:11.440Z",
        "user": [
            "brendanjgreene@gmail.com"
        ],
        "content_type": [
            "threads",
            "thread"
        ],
        "object_id": "12",
        "object_repr": "Thread object",
        "action_flag": 2,
        "change_message": "[{\"changed\": {\"fields\": [\"subject\"]}}]"
    }
},
{
    "model": "admin.logentry",
    "pk": 55,
    "fields": {
        "action_time": "2017-04-18T12:30:14.337Z",
        "user": [
            "brendanjgreene@gmail.com"
        ],
        "content_type": [
            "polls",
            "poll"
        ],
        "object_id": "10",
        "object_repr": "Do You use Self Checkout just to avoid small talk",
        "action_flag": 2,
        "change_message": "[{\"changed\": {\"fields\": [\"question\"]}}]"
    }
},
{
    "model": "admin.logentry",
    "pk": 56,
    "fields": {
        "action_time": "2017-04-18T12:32:21.786Z",
        "user": [
            "brendanjgreene@gmail.com"
        ],
        "content_type": [
            "polls",
            "pollsubject"
        ],
        "object_id": "19",
        "object_repr": "Yes",
        "action_flag": 2,
        "change_message": "[{\"changed\": {\"fields\": [\"name\"]}}]"
    }
},
{
    "model": "admin.logentry",
    "pk": 57,
    "fields": {
        "action_time": "2017-04-18T12:32:34.193Z",
        "user": [
            "brendanjgreene@gmail.com"
        ],
        "content_type": [
            "polls",
            "pollsubject"
        ],
        "object_id": "20",
        "object_repr": "No!",
        "action_flag": 2,
        "change_message": "[{\"changed\": {\"fields\": [\"name\"]}}]"
    }
},
{
    "model": "admin.logentry",
    "pk": 58,
    "fields": {
        "action_time": "2017-04-18T12:34:42.983Z",
        "user": [
            "brendanjgreene@gmail.com"
        ],
        "content_type": [
            "threads",
            "thread"
        ],
        "object_id": "19",
        "object_repr": "Thread object",
        "action_flag": 2,
        "change_message": "[{\"changed\": {\"fields\": [\"name\"]}}]"
    }
},
{
    "model": "admin.logentry",
    "pk": 59,
    "fields": {
        "action_time": "2017-04-18T12:35:23.957Z",
        "user": [
            "brendanjgreene@gmail.com"
        ],
        "content_type": [
            "threads",
            "thread"
        ],
        "object_id": "18",
        "object_repr": "Thread object",
        "action_flag": 2,
        "change_message": "[{\"changed\": {\"fields\": [\"name\"]}}]"
    }
},
{
    "model": "admin.logentry",
    "pk": 60,
    "fields": {
        "action_time": "2017-04-18T12:35:28.735Z",
        "user": [
            "brendanjgreene@gmail.com"
        ],
        "content_type": [
            "threads",
            "thread"
        ],
        "object_id": "18",
        "object_repr": "Thread object",
        "action_flag": 2,
        "change_message": "[]"
    }
},
{
    "model": "admin.logentry",
    "pk": 61,
    "fields": {
        "action_time": "2017-04-18T12:35:48.120Z",
        "user": [
            "brendanjgreene@gmail.com"
        ],
        "content_type": [
            "threads",
            "thread"
        ],
        "object_id": "17",
        "object_repr": "Thread object",
        "action_flag": 3,
        "change_message": ""
    }
},
{
    "model": "admin.logentry",
    "pk": 62,
    "fields": {
        "action_time": "2017-04-18T12:36:10.668Z",
        "user": [
            "brendanjgreene@gmail.com"
        ],
        "content_type": [
            "threads",
            "thread"
        ],
        "object_id": "1",
        "object_repr": "Thread object",
        "action_flag": 3,
        "change_message": ""
    }
},
{
    "model": "admin.logentry",
    "pk": 63,
    "fields": {
        "action_time": "2017-04-18T12:36:29.792Z",
        "user": [
            "brendanjgreene@gmail.com"
        ],
        "content_type": [
            "threads",
            "thread"
        ],
        "object_id": "11",
        "object_repr": "Thread object",
        "action_flag": 3,
        "change_message": ""
    }
},
{
    "model": "admin.logentry",
    "pk": 64,
    "fields": {
        "action_time": "2017-04-18T12:36:37.793Z",
        "user": [
            "brendanjgreene@gmail.com"
        ],
        "content_type": [
            "threads",
            "thread"
        ],
        "object_id": "10",
        "object_repr": "Thread object",
        "action_flag": 3,
        "change_message": ""
    }
},
{
    "model": "admin.logentry",
    "pk": 65,
    "fields": {
        "action_time": "2017-04-18T12:36:51.565Z",
        "user": [
            "brendanjgreene@gmail.com"
        ],
        "content_type": [
            "threads",
            "thread"
        ],
        "object_id": "16",
        "object_repr": "Thread object",
        "action_flag": 2,
        "change_message": "[{\"changed\": {\"fields\": [\"name\"]}}]"
    }
},
{
    "model": "admin.logentry",
    "pk": 66,
    "fields": {
        "action_time": "2017-04-18T12:38:19.476Z",
        "user": [
            "brendanjgreene@gmail.com"
        ],
        "content_type": [
            "threads",
            "thread"
        ],
        "object_id": "8",
        "object_repr": "Thread object",
        "action_flag": 3,
        "change_message": ""
    }
},
{
    "model": "admin.logentry",
    "pk": 67,
    "fields": {
        "action_time": "2017-04-18T12:38:31.084Z",
        "user": [
            "brendanjgreene@gmail.com"
        ],
        "content_type": [
            "threads",
            "thread"
        ],
        "object_id": "2",
        "object_repr": "Thread object",
        "action_flag": 3,
        "change_message": ""
    }
},
{
    "model": "admin.logentry",
    "pk": 68,
    "fields": {
        "action_time": "2017-04-18T12:39:36.764Z",
        "user": [
            "brendanjgreene@gmail.com"
        ],
        "content_type": [
            "threads",
            "thread"
        ],
        "object_id": "12",
        "object_repr": "Thread object",
        "action_flag": 2,
        "change_message": "[{\"changed\": {\"fields\": [\"name\"]}}]"
    }
},
{
    "model": "admin.logentry",
    "pk": 69,
    "fields": {
        "action_time": "2017-04-18T12:39:51.114Z",
        "user": [
            "brendanjgreene@gmail.com"
        ],
        "content_type": [
            "threads",
            "thread"
        ],
        "object_id": "6",
        "object_repr": "Thread object",
        "action_flag": 3,
        "change_message": ""
    }
},
{
    "model": "admin.logentry",
    "pk": 70,
    "fields": {
        "action_time": "2017-04-18T12:40:09.312Z",
        "user": [
            "brendanjgreene@gmail.com"
        ],
        "content_type": [
            "threads",
            "thread"
        ],
        "object_id": "12",
        "object_repr": "Thread object",
        "action_flag": 2,
        "change_message": "[{\"changed\": {\"fields\": [\"name\"]}}]"
    }
},
{
    "model": "admin.logentry",
    "pk": 71,
    "fields": {
        "action_time": "2017-04-18T12:40:27.260Z",
        "user": [
            "brendanjgreene@gmail.com"
        ],
        "content_type": [
            "threads",
            "thread"
        ],
        "object_id": "15",
        "object_repr": "Thread object",
        "action_flag": 2,
        "change_message": "[]"
    }
},
{
    "model": "admin.logentry",
    "pk": 72,
    "fields": {
        "action_time": "2017-04-18T12:46:54.193Z",
        "user": [
            "brendanjgreene@gmail.com"
        ],
        "content_type": [
            "threads",
            "thread"
        ],
        "object_id": "12",
        "object_repr": "Thread object",
        "action_flag": 2,
        "change_message": "[{\"changed\": {\"fields\": [\"user\"]}}]"
    }
},
{
    "model": "admin.logentry",
    "pk": 73,
    "fields": {
        "action_time": "2017-04-18T12:47:46.650Z",
        "user": [
            "brendanjgreene@gmail.com"
        ],
        "content_type": [
            "threads",
            "post"
        ],
        "object_id": "5",
        "object_repr": "Post object",
        "action_flag": 2,
        "change_message": "[]"
    }
},
{
    "model": "admin.logentry",
    "pk": 74,
    "fields": {
        "action_time": "2017-04-18T12:47:56.018Z",
        "user": [
            "brendanjgreene@gmail.com"
        ],
        "content_type": [
            "threads",
            "post"
        ],
        "object_id": "5",
        "object_repr": "Post object",
        "action_flag": 2,
        "change_message": "[]"
    }
},
{
    "model": "admin.logentry",
    "pk": 75,
    "fields": {
        "action_time": "2017-04-18T12:48:15.972Z",
        "user": [
            "brendanjgreene@gmail.com"
        ],
        "content_type": [
            "threads",
            "post"
        ],
        "object_id": "6",
        "object_repr": "Post object",
        "action_flag": 3,
        "change_message": ""
    }
},
{
    "model": "admin.logentry",
    "pk": 76,
    "fields": {
        "action_time": "2017-04-18T12:48:25.155Z",
        "user": [
            "brendanjgreene@gmail.com"
        ],
        "content_type": [
            "threads",
            "post"
        ],
        "object_id": "18",
        "object_repr": "Post object",
        "action_flag": 3,
        "change_message": ""
    }
},
{
    "model": "admin.logentry",
    "pk": 77,
    "fields": {
        "action_time": "2017-04-18T12:48:31.618Z",
        "user": [
            "brendanjgreene@gmail.com"
        ],
        "content_type": [
            "threads",
            "post"
        ],
        "object_id": "24",
        "object_repr": "Post object",
        "action_flag": 3,
        "change_message": ""
    }
},
{
    "model": "admin.logentry",
    "pk": 78,
    "fields": {
        "action_time": "2017-04-18T12:48:39.071Z",
        "user": [
            "brendanjgreene@gmail.com"
        ],
        "content_type": [
            "threads",
            "post"
        ],
        "object_id": "19",
        "object_repr": "Post object",
        "action_flag": 3,
        "change_message": ""
    }
},
{
    "model": "admin.logentry",
    "pk": 79,
    "fields": {
        "action_time": "2017-04-18T12:48:46.744Z",
        "user": [
            "brendanjgreene@gmail.com"
        ],
        "content_type": [
            "threads",
            "post"
        ],
        "object_id": "32",
        "object_repr": "Post object",
        "action_flag": 3,
        "change_message": ""
    }
},
{
    "model": "admin.logentry",
    "pk": 80,
    "fields": {
        "action_time": "2017-04-18T12:48:54.146Z",
        "user": [
            "brendanjgreene@gmail.com"
        ],
        "content_type": [
            "threads",
            "post"
        ],
        "object_id": "22",
        "object_repr": "Post object",
        "action_flag": 2,
        "change_message": "[]"
    }
},
{
    "model": "admin.logentry",
    "pk": 81,
    "fields": {
        "action_time": "2017-04-19T08:54:46.803Z",
        "user": [
            "brendanjgreene@gmail.com"
        ],
        "content_type": [
            "threads",
            "subject"
        ],
        "object_id": "4",
        "object_repr": "Self obsession",
        "action_flag": 2,
        "change_message": "[{\"changed\": {\"fields\": [\"description\"]}}]"
    }
},
{
    "model": "admin.logentry",
    "pk": 82,
    "fields": {
        "action_time": "2017-04-19T08:57:27.595Z",
        "user": [
            "brendanjgreene@gmail.com"
        ],
        "content_type": [
            "products",
            "product"
        ],
        "object_id": "4",
        "object_repr": "NIKE DIAMOND ARM BAND FOR IPHONE 5",
        "action_flag": 2,
        "change_message": "[{\"changed\": {\"fields\": [\"name\", \"description\"]}}]"
    }
},
{
    "model": "admin.logentry",
    "pk": 83,
    "fields": {
        "action_time": "2017-04-19T08:59:42.802Z",
        "user": [
            "brendanjgreene@gmail.com"
        ],
        "content_type": [
            "products",
            "product"
        ],
        "object_id": "2",
        "object_repr": "Samson RTE 2 Bluetooth",
        "action_flag": 2,
        "change_message": "[{\"changed\": {\"fields\": [\"description\"]}}]"
    }
},
{
    "model": "admin.logentry",
    "pk": 84,
    "fields": {
        "action_time": "2017-04-19T09:10:43.499Z",
        "user": [
            "brendanjgreene@gmail.com"
        ],
        "content_type": [
            "my_blog",
            "post"
        ],
        "object_id": "2",
        "object_repr": "X-Box",
        "action_flag": 2,
        "change_message": "[{\"changed\": {\"fields\": [\"author\", \"title\", \"content\", \"tag\", \"image\"]}}]"
    }
},
{
    "model": "admin.logentry",
    "pk": 85,
    "fields": {
        "action_time": "2017-04-19T10:45:13.259Z",
        "user": [
            "brendanjgreene@gmail.com"
        ],
        "content_type": [
            "auth",
            "group"
        ],
        "object_id": "1",
        "object_repr": "add user",
        "action_flag": 1,
        "change_message": "[{\"added\": {}}]"
    }
},
{
    "model": "admin.logentry",
    "pk": 86,
    "fields": {
        "action_time": "2017-04-19T10:50:02.916Z",
        "user": [
            "brendanjgreene@gmail.com"
        ],
        "content_type": [
            "accounts",
            "user"
        ],
        "object_id": "4",
        "object_repr": "medb@medb.ie",
        "action_flag": 2,
        "change_message": "[{\"changed\": {\"fields\": [\"password\"]}}]"
    }
},
{
    "model": "admin.logentry",
    "pk": 87,
    "fields": {
        "action_time": "2017-04-19T10:50:41.410Z",
        "user": [
            "brendanjgreene@gmail.com"
        ],
        "content_type": [
            "auth",
            "group"
        ],
        "object_id": "1",
        "object_repr": "add user",
        "action_flag": 3,
        "change_message": ""
    }
},
{
    "model": "admin.logentry",
    "pk": 88,
    "fields": {
        "action_time": "2017-04-19T11:00:19.310Z",
        "user": [
            "brendanjgreene@gmail.com"
        ],
        "content_type": [
            "accounts",
            "user"
        ],
        "object_id": "5",
        "object_repr": "caroline@caroline.ie",
        "action_flag": 1,
        "change_message": "[{\"added\": {}}]"
    }
}
]
